NOMBRE,SEXO
ELÍAS,M
KENIA SHANNON IASMINY,F
EDISSON ANDRES,M
FRANCHESKA MARIA,F
YANINE,F
CÉSAR EDUARDO,ND
FERNANDA,F
ANASTASIYA,F
BRAIAN EMANUEL,M
FERNANDA,F
KIREINA JOSEFINA EVA,ND
HORTENCIA JILLIAN,ND
LISSETTE PAOLA,ND
YOHANA ESTHER,ND
HAROLD FERNANDO,ND
JULETHSI VIVIANA,ND
AINOA,ND
BRAIAN JESUS RICARDO,M
RAMONA,ND
THARIK MANFRINNY,ND
RIXIO JHOEL,ND
GISSELL,ND
LIZETH VALENTINA,ND
LYDA MICHELLETTE,ND
JHON ALBERTH,ND
REVECA,ND
MARGIE LILIANA,ND
MAGALY MELINA,ND
DARWIN WLADIMIR,ND
MAYLA,ND
EULER,ND
KHIARA AGOSTINA,ND
CIRIGLIANO,ND
MANOEL WELLINGTON,ND
DULIA,ND
BRADD JOSUE,ND
HAMILY CAMILA,ND
KEYLA ANDREA,ND
YOSSELYN VIVIANA,ND
ALBANIE,ND
MARISSELLE DE JESUS,ND
MIRYAN ELIZABETH,ND
JORELY ESTEFANIA,ND
NOLVIA LIZETTE,ND
JOSSUE ISMAEL,ND
JHONN DARWIN MAXIMILIANO,ND
JOCELINE VANESSA,ND
ERICK PATRICIO,ND
ANDREIA,ND
ESTEFANÍA,ND
STEEVEN MIGUEL,ND
KAYLEEN CRISTINA,ND
ROSSIE DAYAMI,ND
DAYANA MARISOL,ND
JHOSELYN VANESA,ND
DOMINGA GLORIA,ND
YOCELYN CATHIA,ND
FIORELA MANKELY,ND
JUCIELY,ND
DARWIN ARTURO,ND
KRISS,ND
AYDEE MARIBEL,ND
SELVY YANDIRA,ND
JORDY ANDRES,ND
JHONNY ALEXANDER,ND
EULOGIA ABIGAIL,ND
WILMER ANDRES,ND
JHON OLIVER,ND
JHOSELIN MARILU,ND
PRIMA,ND
ODALIS ISABEL,ND
EDUAR,ND
JOSELYN CRISTINA,ND
JEISSON LUIGGY,ND
HYON JUN,ND
MATHEW SIMON,ND
DAYANA MISHELL,ND
YOCELYN SCARLETT,ND
TATIANE,ND
YULIETH ANDREA,ND
JASMIN ESTHER,ND
MARICIELO JHOJARY,ND
KEIVER CRISTOPHER,ND
ZURIÑE NEREA,ND
KAHUANA SANDY,ND
ALISSON TATIANA,ND
BRAIAN MILTON,M
PABHULLO FILLIPY,ND
MARÍA DEL ROSARIO,ND
RAYANA APARECIDA,ND
RENAN,ND
YEREMY STHEFANIA,ND
JESSENIA ELIZABETH,ND
NATHALY MARIANA,ND
YUDY,ND
NANDY YZVEN,ND
JAMIL ANDRES,ND
YESSENIA MARISOL,ND
LILI KARINA,ND
FERNANDA GISEL,F
JHON ARNOLD,ND
MARGORY JAZMINE,ND
EMILEIDY,ND
JEISSON DAVID,ND
DARWIN JOSE,ND
JHONNY MAYRON,ND
IRAZEMA MARIA ANDREA,ND
ETHSSEL,ND
AURA VICTORIA,ND
KATHERIN VIVIANA,ND
BRYAM ALFREDO,ND
LORAINE ESTEFANY,ND
NARLIS,ND
FREYDER MANUEL,ND
JHOSELYN KATHERINE,ND
DYONATHAM DALISOM,ND
LIGYA EVELLYN,ND
GIORDANO SEBASTIAN,ND
LENIN HUMBERTO,ND
RENAN REINIER,ND
GIOVANY,ND
LIZETTE STEFANIA,ND
VIANCA MELANI,ND
ADLAY JAMBICK,ND
LYAM XAVIER,ND
YESSICA BELEN,ND
KATHERIN,ND
ROSMERY,ND
JHERSON,ND
FREDDY XAVIER,ND
JENIFFER JOHANA,ND
TATIANY,ND
MARIANY,ND
ERICK ADRIAN,ND
SEYLA IVANA,ND
KELY TATIANE,ND
BRAYHAN JHOSELYN,ND
KEYLEEN ANDREA,ND
BRAIAN SEBASTIAN,M
THAIMA VANESSA,ND
JULIET CAROLINA,ND
JALMAR JOSUE,ND
YULI FERNANDA,ND
FREDDY EDUARDO,ND
HENDERSON FABIAN,ND
MAGNA MERCEDES,ND
YESID ALONSO,ND
STALIN ALEXIS,ND
JOINER DE JESUS,ND
MARUANA,ND
NICOLLE STEFANI,ND
JANDRY HAIDUK,ND
BRAYAN DE JESUS,ND
YULIETH YAJAYRA,ND
KATHIUSKA ZIOLIMAR,ND
GHIMEL ANTONELLA,ND
XARET VALERIA,ND
MARÌA DANIEL,ND
SINDY GIANELLA,ND
MARJHOLY JAQUELINE,ND
HENNY ANTONELLA,ND
SUNNY LAURA,ND
LADY KATHERINE,ND
LARYSSA,ND
ANDRESSA,ND
LOANNE CAROLINE,ND
THAYLI ANABEL,ND
YOHISMARI DEL VALLE,ND
FARLEIS JUDITH,ND
KATRYN ALEXANDRA,ND
IVETH ESTEFANIA,ND
STHEPANY,ND
EVELING VIVIAM,ND
GINNA PAOLA,ND
JULEIDY CRISTINA,ND
LADYS ROMINA,ND
JULIETH PAOLA,ND
ESTHEFANI ZULAY,ND
KEILY JOSETH,ND
LEIDY MARINA,ND
KORAIMA VANESSA,ND
LORRAN,ND
LIZBET SORAYA,ND
HAROLD ALEXSIS,ND
KARIME,ND
DAIRYS CECILIA,ND
LADY DOMENICA,ND
WILLIAMS,ND
LIZETH DAYANA,ND
JHOSELYNE SUSANA,ND
DAYANA PATRICIA,ND
NOHEMI,ND
JULIETH MAUREEN,ND
KETTY SUSANA,ND
JHOANA GABRIELA,ND
WILMARY BETHANIA,ND
DIMITRY SEBASTIAN,ND
BRAYAN ALEXANDER,ND
JOSSELINE JAEL,ND
MAYLIN MILAGROS,ND
YULY ESPERANZA,ND
ANGELIS LORENA,ND
KATICSA GIANELLA,ND
YORSI AARON,ND
WALTHER ANDREE,ND
KERLY SORAIDA,ND
SUELEN,ND
KEYS DAYANA,ND
RAYANNE,ND
CHARLY CAROLINA,ND
BEKER ALFONSO,ND
GISSELA PAOLA,ND
HEYDDER DAVID,ND
LEIDY JOHANA,ND
EDUAR JAIME,ND
YEDIDTZA YORLENY,ND
RUDDY ENRIQUE,ND
GLEINYS,ND
MARLY YONENCY,ND
SERGINIA DEL CARMEN,ND
YANETH,ND
FERNANDA,F
BRAYAN CAMILO,ND
LIRIS,ND
MAYBELLINE DE JESUS,ND
ANYELIS VANESSA,ND
DOMENICA MICHELLE,ND
ANYELO JAVIER,ND
ANGIBETH DEL VALLE,ND
JEISON JAIR,ND
LEIDYS COROMOTO,ND
ZULLYS MERCEDES,ND
EDDUAR BORIS,ND
SWANNY VANESSA,ND
ESTHEFANNY,ND
YANDRY VALENTIN,ND
YELITZA ANDREA,ND
JEFERSSON GUSTAVO,ND
DEIVI DE JESUS,ND
ANCHELA GABRIELA,ND
MASCIEL ARACELI,ND
MAZIEL ANDREA,ND
CATHERIN MARIA,ND
NELVA ANAHI,ND
MARICELA,ND
KATERYN,ND
NEYZA,ND
HANDYS JUNIOR,ND
NAYARA,ND
STEFANNY LIZBETH,ND
JOSELINE VALERIA,ND
SUHEILLY KATRINA,ND
SINECIO,ND
ELSIE VALENTINA,ND
KAREM GABRIELA,ND
NIKOLE LUCIA,ND
NATHALY ELIZABETH,ND
MARÍA VICTORIA,ND
ROSSI MONTSERRATH,ND
ARLETE PAOLA,ND
DAYANNA GABRIELA,ND
JOSELYN JANETH,ND
FREDDY ENRIQUE,ND
LUZELVI,ND
RONIE HUGO,ND
GERMANIA LIZBETH,ND
ANLLELYNE ELIZABETH,ND
GISSELA ALEJANDRA,ND
JHOAN GONZALO,ND
STHEFANY GEOVANA,ND
JAHAYRA BELEN,ND
IVI ADELAIDA,ND
LADY NATALIA,ND
DANUZA AYELEN,ND
JHON ERIK,ND
SAMAHARA BETSABE,ND
ITATY KARINA,ND
PACARINA DOLORES,ND
JOSSELYN ELIZABETH,ND
LILI,ND
MARITZA,ND
JHESVY EVELYN,ND
MISHEL LISSETH,ND
JHENNY,ND
AYDEE,ND
KATERINE MICAELA,ND
AINHARA YAILEM,ND
STEEVEN SAUL,ND
BRASIL ALEXANDER,ND
FERNANDA KELLER,F
JONNATHAN,ND
KLEVER FERNANDO,ND
LENNIN,ND
JHOARDY URIEL,ND
LEYZER SHARED,ND
ANDREIA,ND
RODNEY BRYAN,ND
GIOVANNY SEBASTIAN,ND
GENESSIS PATRICIA,ND
JEISON JAVIER,ND
DUVAN ALEXANDER,ND
SCARLETH CECILIA,ND
DANITHZA ESPERANZA,ND
LIVINGSTON MIGUEL,ND
BRUNY DEL ROSARIO,ND
MICHELL DE JESUS,ND
NICOLLE DANIELA,ND
ROBITZA NINIBET,ND
SHEYLA LARISSA,ND
NICOLÁS,ND
ISLENA RAYANE,ND
KOREY HORTENCIA,ND
MARIANE,ND
FERNANDA,F
ROSANIA,ND
SAMANTAH,ND
LADY MACOL,ND
YESSENIA GUADALUPE,ND
ROMEL VINICIO,ND
ERNESKYS BEATRIZ,ND
CINTHYA ARACELY,ND
JOHELA JOHEDITH,ND
BRAYAN,ND
SHAIRA SALIMA,ND
LIZETH AYDEE,ND
ROBERTH ALEXANDER,ND
ANABELLE ESTHER,ND
IVETH,ND
JOSELYN ELIZABETH,ND
LADY TATIANA,ND
REYNA,ND
EDYNSON,ND
IOLANDA,ND
AMNE,ND
ALISSON SONYA,ND
KATTYA INDIRA,ND
ILKA YOSENKA,ND
JULEIMA,ND
YANIER ALEXIS,ND
JOSÈ EMILIO,ND
ERICK YESITH,ND
LUIZA,ND
AGUSTÍN,ND
NELLYTH JULIETH,ND
BRAYAN DARIO,ND
LEYLA TATIANA,ND
RONNY ANDREY,ND
HERIBERTH ALVARO,ND
JOHAN SEBASTIAN,ND
AGUSTÍN,ND
FREDDY SEBASTIAN,ND
MISHELL ALEJANDRA,ND
ALLEXIA RENATA,ND
ISBERT MAILLIW,ND
JOSSELYN DAYANNA,ND
JOHAN SEBASTIAN,ND
KENY YOHANA,ND
EDUAR ALEXIS,ND
KEYDER DAVID,ND
JHOSELINE DOLLY,ND
SINDY SINAY,ND
JIPHSON ROBERTO,ND
HOOVER ANDRES,ND
WILMER XAVIER,ND
MARIUXI LILIBETH,ND
SHIRLE GLORIA,ND
ERICK ANDERSON,ND
DHERY FRANZ,ND
BRAYAN CRISTHIAN,ND
WILLY ALEXANDERS,ND
RONAL,ND
GLENDY,ND
CLIVER GUSTAVO,ND
FAVIAN ALBERTO MIGUEL,ND
HAIR ENRIQUE,ND
JOSÉ CARLOS,M
LIZZETH,ND
STEFANY SAMANTHA,ND
SUELLEN,ND
GERALDIN LISBETH,ND
YULIANA MERCEDES,ND
ZULEIMA DENIS,ND
CARDOZO,ND
ESTEPHANY MADAI,ND
GISSELA ESTEFANIA,ND
MARÍA BELÉN,ND
EDUAR ANTONIO,ND
HEILIN LISETH,ND
AXEEL EMILIO,ND
KRISTELL ROMINA,ND
BRYAM HERNAN,ND
KATHERIN ANDREA,ND
TANNIA FERNANDA,ND
DENEY,ND
SABKA GISELL,ND
KRISTELL DANIELLA,ND
AURA LORAINE,ND
MAYCKOL EDUARDO,ND
DAYANA LISBETH,ND
LENIN GUSTAVO,ND
JOSELYN CHABELY,ND
SANDDY EMILY,ND
EDDY RODRIGO,ND
KARLOS AUGUSTO,ND
IBETH,ND
HANNALOREN FABIOLA,ND
ENGLESTH HUMBERTINA,ND
YOSSAINA ANDREA,ND
JHOSELYN,ND
DAYANA JHANDIRA,ND
LAURY ANDREA,ND
NOHORA CATALINA,ND
JAMEL ANTONIO,ND
SILVANI BEATRIZ,ND
THAMARA,ND
LUIZA,ND
LISETH YADIRA,ND
JESIREE ANDREINA,ND
HARLINTON ENRIQUE,ND
MILLA GABRIELLA,ND
LEIDY PASTORA,ND
CORAIMA TATIANA,ND
DOMENICA NICOLE,ND
GISSELA SOLEDAD,ND
TAIZ JIJI,ND
MONICK NICOLLE,ND
KLEVER ESTEBAN,ND
KLEVER LEONEL,ND
FARLEY ALBERTO,ND
LEIDY TATIANA,ND
JHOSELIN,ND
JORDY NORBERTO,ND
KATHERIN JESSENIA,ND
GEANYNA MARGARITA,ND
ARLETTE DAYANARA,ND
STEFANY GABRIELA,ND
GINNA PATRICIA,ND
ANGELITA DANIELA,ND
MARCELY YULIETH,ND
JULIETH MARIA,ND
GENNY ELIZABETH,ND
KLEVER ANDRES,ND
JOSELYN VERONICA,ND
AYDE FABIOLA,ND
ADER ANDRES,ND
ERICKA NATHALIA,ND
LEGI,ND
FERNANDA ISABEL,F
JOSCELYNE MARLEN,ND
MARIANGIE CAMILA,ND
DAYSI MARISOL,ND
JHANETH,ND
GERZON,ND
DAVIDE NATAN,ND
MARÍA JULIETA,ND
GEOVANA CARMEN,ND
LUZMILA AYMARA,ND
JOSSELYN LISBETH,ND
SHADDAY VALEZKA,ND
EMANUELLE CATARINA,ND
AGUSTÌN,ND
FREDER NICOLAS,ND
ARLETE PATRICIA,ND
ERICKA NICOLE,ND
JHENNY,ND
FRANCY STEFANIA,ND
YULIANA ESCARLETH,ND
GELDA ELIZABETH,ND
NATHAMY TAYLA,ND
LEYDY LORENA,ND
KENNIA LYZBETH,ND
YURIS OSPICIO,ND
ROGEAN,ND
HIOSELINE KATERIN,ND
SIRLES RAMONA,ND
DAYANA ZULMA,ND
JHOSSELIN TATIANA,ND
JHOSELYN,ND
NATACIA,ND
GERALDIN TANYA,ND
YOSMARY BEATRIZ,ND
OLMEDO ENMANUEL,ND
ANAHY,ND
HELY KARINA,ND
CATHERIN GERALDINE,ND
YANELEN ARIANA,ND
YUSTINE ANTONELLA,ND
YUSSETHY TATIANA,ND
JOSSELYN SORAYA,ND
ROSSELLA,ND
FERNANDA ESTEFANIA,F
MARITZA ELIZABETH,ND
DOMENICA SALOME,ND
NAOMY MICHELL,ND
ROMMY ALEJANDRA,ND
ELIANY NAZARETH,ND
NICOLI,ND
KEYLLA,ND
BRAIAN,M
DUANNE,ND
GISSELA ELIZABETH,ND
LISBETH,ND
YACKELINE ANGELA,ND
ANDERSSON JEANKOVIC,ND
CATHERIN SOLANGE,ND
WLADIMIR,ND
ENGLESDY NATALINY,ND
HANLLY VANESSA,ND
KRUPZKAYA SELENA,ND
KALYNE,ND
ILSEN ANDREA,ND
CINTHYA GABRIELA,ND
NELITA FERNANDA,ND
ZULEIRA ANAHY,ND
YESI KATERIN,ND
EMELY ANAI,ND
ZABDIELA SAFIR,ND
MERY MARIEL,ND
YULIZETH MABELL,ND
JANNETTE,ND
JUNNIOR,ND
ANFRED RUBEN,ND
NICOLÁS,ND
SAYRO ALEXANDER,ND
ARGENIS JULIAN,ND
WILMER ALEXANDER,ND
NADYA AYELEN,ND
EDITSON,ND
INAY,ND
JHONATAN GABRIEL,ND
VITOR HUGO,ND
GREIS MAGDALY,ND
YRBLAN ROMANE,ND
ZULEIMA KATHERINE,ND
JHORNAN DANILO,ND
DAYANA ARLETH,ND
RONY ISMAEL,ND
SUGEY DEL CARMEN,ND
YARISON ANDRES,ND
ITUKA ELENA,ND
ESNEIDER DAVID,ND
