NOMBRE,SEXO
ELÍAS,M
KENIA,F
EDISSON,M
FRANCHESKA,F
YANINE,F
CÉSAR,M
FERNANDA,F
ANASTASIYA,F
BRAIAN,M
KIREINA,F
HORTENCIA,F
LISSETTE,F
YOHANA,F
HAROLD,M
JULETHSI,F
AINOA,F
RAMONA,F
THARIK,M
RIXIO,M
GISSELL,F
LIZETH,F
LYDA,F
JHON,M
REVECA,F
MARGIE,F
MAGALY,F
DARWIN,M
MAYLA,F
EULER,M
KHIARA,F
CIRIGLIANO,M
MANOEL,M
DULIA,F
BRADD,M
HAMILY,F
KEYLA,F
YOSSELYN,F
ALBANIE,F
MARISSELLE,F
MIRYAN,F
JORELY,F
NOLVIA,F
JOSSUE,M
JHONN,M
JOCELINE,F
ERICK,M
ANDREIA,F
ESTEFANÍA,F
STEEVEN,M
KAYLEEN,F
ROSSIE,F
DAYANA,F
JHOSELYN,F
DOMINGA,F
YOCELYN,F
FIORELA,F
JUCIELY,F
KRISS,M
AYDEE,F
SELVY,F
JORDY,M
JHONNY,M
EULOGIA,F
WILMER,M
JHOSELIN,F
PRIMA,F
ODALIS,F
EDUAR,M
JOSELYN,F
JEISSON,M
HYON,M
MATHEW,M
TATIANE,F
YULIETH,F
JASMIN,F
MARICIELO,F
KEIVER,M
ZURIÑE,F
KAHUANA,F
ALISSON,F
PABHULLO,M
MARÍA,F
RAYANA,F
RENAN,M
YEREMY,M
JESSENIA,F
NATHALY,F
YUDY,F
NANDY,F
JAMIL,M
YESSENIA,F
LILI,F
MARGORY,F
EMILEIDY,F
IRAZEMA,F
ETHSSEL,F
AURA,F
KATHERIN,F
BRYAM,M
LORAINE,F
NARLIS,F
FREYDER,M
DYONATHAM,M
LIGYA,F
GIORDANO,M
LENIN,M
GIOVANY,M
LIZETTE,F
VIANCA,F
ADLAY,M
LYAM,M
YESSICA,F
ROSMERY,F
JHERSON,M
FREDDY,M
JENIFFER,F
TATIANY,F
MARIANY,F
SEYLA,F
KELY,F
BRAYHAN,M
KEYLEEN,F
THAIMA,F
JULIET,F
JALMAR,M
YULI,F
HENDERSON,M
MAGNA,F
YESID,M
STALIN,M
JOINER,M
MARUANA,F
NICOLLE,F
JANDRY,M
BRAYAN,M
KATHIUSKA,F
GHIMEL,M
XARET,F
MARÍA,F
SINDY,F
MARJHOLY,F
HENNY,F
SUNNY,F
LADY,F
LARYSSA,F
ANDRESSA,F
LOANNE,F
THAYLI,F
YOHISMARI,F
FARLEIS,M
KATRYN,F
IVETH,F
STHEPANY,F
EVELING,F
GINNA,F
JULEIDY,F
LADYS,F
JULIETH,F
ESTHEFANI,F
KEILY,F
LEIDY,F
KORAIMA,F
LORRAN,F
LIZBET,F
KARIME,F
DAIRYS,F
WILLIAMS,M
JHOSELYNE,F
NOHEMI,F
KETTY,F
JHOANA,F
WILMARY,F
DIMITRY,M
JOSSELINE,F
MAYLIN,F
YULY,F
ANGELIS,F
KATICSA,F
YORSI,M
WALTHER,M
KERLY,F
SUELEN,F
KEYS,F
RAYANNE,F
CHARLY,M
BEKER,M
GISSELA,F
HEYDDER,M
YEDIDTZA,F
RUDDY,M
GLEINYS,F
MARLY,F
SERGINIA,F
YANETH,F
LIRIS,F
MAYBELLINE,F
ANYELIS,F
DOMENICA,F
ANYELO,M
ANGIBETH,F
JEISON,M
LEIDYS,F
ZULLYS,F
EDDUAR,M
SWANNY,F
ESTHEFANNY,F
YANDRY,M
YELITZA,F
JEFERSSON,M
DEIVI,M
ANCHELA,F
MASCIEL,F
MAZIEL,F
CATHERIN,F
NELVA,F
MARICELA,F
KATERYN,F
NEYZA,F
HANDYS,M
NAYARA,F
STEFANNY,F
JOSELINE,F
SUHEILLY,F
SINECIO,M
ELSIE,F
KAREM,F
NIKOLE,F
ROSSI,F
ARLETE,F
DAYANNA,F
LUZELVI,F
RONIE,M
GERMANIA,F
ANLLELYNE,F
JHOAN,M
STHEFANY,F
JAHAYRA,F
IVI,F
DANUZA,F
SAMAHARA,F
ITATY,F
PACARINA,F
JOSSELYN,F
MARITZA,F
JHESVY,F
MISHEL,M
JHENNY,F
KATERINE,F
AINHARA,F
BRASIL,M
JONNATHAN,M
KLEVER,M
LENNIN,M
JHOARDY,M
LEYZER,M
RODNEY,M
GIOVANNY,M
GENESSIS,F
DUVAN,M
SCARLETH,F
DANITHZA,F
LIVINGSTON,M
BRUNY,F
MICHELL,F
ROBITZA,F
SHEYLA,F
NICOLÁS,M
ISLENA,F
KOREY,M
MARIANE,F
ROSANIA,F
SAMANTAH,F
ROMEL,M
ERNESKYS,M
CINTHYA,F
JOHELA,F
SHAIRA,F
ROBERTH,M
ANABELLE,F
REYNA,F
EDYNSON,M
IOLANDA,F
AMNE,F
KATTYA,F
ILKA,F
JULEIMA,F
YANIER,M
JOSÈ,M
LUIZA,F
AGUSTÍN,M
NELLYTH,F
LEYLA,F
RONNY,M
HERIBERTH,M
JOHAN,M
MISHELL,F
ALLEXIA,F
ISBERT,M
KENY,M
KEYDER,M
JHOSELINE,F
JIPHSON,M
HOOVER,M
MARIUXI,F
SHIRLE,F
DHERY,M
WILLY,M
RONAL,M
GLENDY,F
CLIVER,M
FAVIAN,M
HAIR,M
JOSÉ,M
LIZZETH,F
STEFANY,F
SUELLEN,F
GERALDIN,F
YULIANA,F
ZULEIMA,F
CARDOZO,M
ESTEPHANY,F
HEILIN,F
AXEEL,M
KRISTELL,F
TANNIA,F
DENEY,M
SABKA,F
MAYCKOL,M
SANDDY,F
EDDY,M
KARLOS,M
IBETH,F
HANNALOREN,F
ENGLESTH,F
YOSSAINA,F
LAURY,F
NOHORA,F
JAMEL,M
SILVANI,F
THAMARA,F
LISETH,F
JESIREE,F
HARLINTON,M
MILLA,F
CORAIMA,F
TAIZ,M
MONICK,F
FARLEY,M
GEANYNA,F
ARLETTE,F
ANGELITA,F
MARCELY,F
GENNY,F
AYDE,F
ADER,M
ERICKA,F
LEGI,F
JOSCELYNE,F
MARIANGIE,F
DAYSI,F
JHANETH,F
GERZON,M
DAVIDE,M
GEOVANA,F
LUZMILA,F
SHADDAY,F
EMANUELLE,F
AGUSTÌN,M
FREDER,M
FRANCY,F
GELDA,F
NATHAMY,F
LEYDY,F
KENNIA,F
YURIS,M
ROGEAN,M
HIOSELINE,F
SIRLES,F
JHOSSELIN,F
NATACIA,F
YOSMARY,F
OLMEDO,M
ANAHY,F
HELY,F
YANELEN,F
YUSTINE,F
YUSSETHY,F
ROSSELLA,F
NAOMY,F
ROMMY,F
ELIANY,F
NICOLI,F
KEYLLA,F
DUANNE,M
LISBETH,F
YACKELINE,F
ANDERSSON,M
WLADIMIR,M
ENGLESDY,F
HANLLY,F
KRUPZKAYA,F
KALYNE,F
ILSEN,F
NELITA,F
ZULEIRA,F
YESI,F
EMELY,F
ZABDIELA,F
MERY,F
YULIZETH,F
JANNETTE,F
JUNNIOR,M
ANFRED,M
SAYRO,M
ARGENIS,M
NADYA,F
EDITSON,M
INAY,F
JHONATAN,M
VITOR,M
GREIS,F
YRBLAN,M
JHORNAN,M
RONY,M
SUGEY,F
YARISON,M
ITUKA,F
ESNEIDER,M
SHANNON,F
ANDRES,M
MARIA,F
EDUARDO,M
EMANUEL,M
JOSEFINA,F
JILLIAN,F
PAOLA,F
ESTHER,F
FERNANDO,M
VIVIANA,F
JESUS,M
MANFRINNY,F
JHOEL,M
VALENTINA,F
MICHELLETTE,F
ALBERTH,M
LILIANA,F
MELINA,F
AGOSTINA,F
WELLINGTON,M
JOSUE,M
CAMILA,F
ANDREA,F
ELIZABETH,F
ESTEFANIA,F
ISMAEL,M
VANESSA,F
PATRICIO,M
MIGUEL,M
CRISTINA,F
DAYAMI,F
MARISOL,F
VANESA,F
GLORIA,F
CATHIA,F
MANKELY,F
ARTURO,M
MARIBEL,F
YANDIRA,F
ALEXANDER,M
ABIGAIL,F
OLIVER,M
MARILU,F
ISABEL,F
LUIGGY,M
JUN,M
SIMON,M
SCARLETT,F
JHOJARY,M
CRISTOPHER,M
NEREA,F
SANDY,F
TATIANA,F
MILTON,M
FILLIPY,M
APARECIDA,F
STHEFANIA,F
MARIANA,F
YZVEN,M
KARINA,F
GISEL,F
ARNOLD,M
JAZMINE,F
DAVID,M
JOSE,M
MAYRON,M
VICTORIA,F
ALFREDO,M
ESTEFANY,F
MANUEL,M
KATHERINE,F
DALISOM,F
EVELLYN,F
SEBASTIAN,M
HUMBERTO,M
REINIER,M
STEFANIA,F
MELANI,F
JAMBICK,M
XAVIER,M
BELEN,F
JOHANA,F
ADRIAN,M
IVANA,F
CAROLINA,F
FABIAN,M
MERCEDES,F
ALONSO,M
ALEXIS,M
STEFANI,F
HAIDUK,M
YAJAYRA,F
ZIOLIMAR,F
ANTONELLA,F
VALERIA,F
DANIEL,M
GIANELLA,F
JAQUELINE,F
LAURA,F
CAROLINE,F
ANABEL,F
JUDITH,F
ALEXANDRA,F
VIVIAM,F
ROMINA,F
ZULAY,F
JOSETH,M
MARINA,F
SORAYA,F
ALEXSIS,M
CECILIA,F
SUSANA,F
PATRICIA,F
MAUREEN,F
GABRIELA,F
BETHANIA,F
JAEL,F
MILAGROS,F
ESPERANZA,F
LORENA,F
AARON,M
ANDREE,F
SORAIDA,F
ALFONSO,M
JAIME,M
YORLENY,F
ENRIQUE,M
YONENCY,F
CAMILO,M
MICHELLE,F
JAVIER,M
JAIR,M
COROMOTO,F
BORIS,M
VALENTIN,M
GUSTAVO,M
ARACELI,F
ANAHI,F
JUNIOR,M
LIZBETH,F
KATRINA,F
LUCIA,F
MONTSERRATH,F
JANETH,F
HUGO,M
ALEJANDRA,F
GONZALO,M
ADELAIDA,F
NATALIA,F
AYELEN,F
ERIK,M
BETSABE,F
DOLORES,F
EVELYN,F
LISSETH,F
MICAELA,F
YAILEM,M
SAUL,M
KELLER,M
URIEL,M
SHARED,F
BRYAN,M
DANIELA,F
NINIBET,F
LARISSA,F
RAYANE,F
MACOL,M
GUADALUPE,F
VINICIO,M
BEATRIZ,F
ARACELY,F
JOHEDITH,F
SALIMA,F
SONYA,F
INDIRA,F
YOSENKA,F
EMILIO,M
YESITH,F
DARIO,M
ANDREY,M
ALVARO,M
RENATA,F
MAILLIW,F
DOLLY,F
SINAY,F
ROBERTO,M
LILIBETH,F
ANDERSON,M
FRANZ,M
CRISTHIAN,M
ALEXANDERS,M
ALBERTO,M
CARLOS,M
SAMANTHA,F
DENIS,M
MADAI,F
BELÉN,F
ANTONIO,M
HERNAN,M
GISSELL,F
DANIELLA,F
CHABELY,F
EMILY,F
RODRIGO,M
AUGUSTO,M
FABIOLA,F
HUMBERTINA,F
JHANDIRA,F
CATALINA,F
YADIRA,F
ANDREINA,F
GABRIELLA,F
PASTORA,F
NICOLE,F
SOLEDAD,F
JIJI,F
ESTEBAN,M
LEONEL,M
NORBERTO,M
MARGARITA,F
DAYANARA,F
VERONICA,F
NATHALIA,F
MARLEN,F
NATAN,M
JULIETA,F
CARMEN,F
AYMARA,F
VALEZKA,F
CATARINA,F
NICOLAS,M
ESCARLETH,F
TAYLA,F
LYZBETH,F
OSPICIO,M
KATERIN,F
ZULMA,F
TANYA,F
ENMANUEL,M
GERALDINE,F
ARIANA,F
SALOME,F
NAZARETH,F
ANGELA,F
JEANKOVIC,M
SOLANGE,F
NATALINY,F
SELENA,F
ANAI,F
SAFIR,M
MARIEL,F
MABELL,F
RUBEN,M
JULIAN,M
GABRIEL,M
MAGDALY,F
ROMANE,F
DANILO,M
ARLETH,F
ELENA,F
IASMINY,F
EVA,F
RICARDO,M
MAXIMILIANO,M
ROSARIO,F