primer_nombre,SEXO
PATRICIO,M
VANESSA,F
JOAQUIN,M
PILAR,F
FRANCISCO,M
MARIA,F
MORENA,F
MELINA,F
LUCIA,F
MARIA,F
CAMILA,F
IVANA,F
JOSEFINA,F
LUZ,F
ELISEO,M
MELANIE,F
ELÍAS,M
MATIAS,M
MARIA,F
SANTIAGO,M
SILVIA,F
STEFANIE,F
FERNANDO,M
JULIETA,F
LUCIANA,F
EDUARDO,M
KENIA,F
MILAGROS,F
CAMILA,F
CRISTINA,F
LUCIA,F
GABRIELA,F
KAREN,F
VANESA,F
LINDA,F
EDISSON,M
ALDANA,F
WASHINGTON,M
OSCAR,M
TANIA,F
FRANCHESKA,F
AGUSTINA,F
TATIANA,F
JENNIFER,F
CARLOS,M
MAXIMILIANO,M
CARLA,F
MIJAEL,M
BRYAN,M
PAOLA,F
YANINE,F
ANTONIO,M
SELENE,F
MAURICIO,M
GONZALO,M
TOMAS,M
JULIAN,M
AGUSTINA,F
ANGELES,F
ROSARIO,F
TATYANA,F
SANTIAGO,M
SEAN,M
JULIAN,M
ANTONIA,F
JUAN,M
MICAELA,F
CÉSAR,M
CAMILA,F
JUAN,M
FRANCO,M
FLORENCIA,F
AGUSTINA,F
FERNANDA,F
ANASTASIYA,F
FRANCISCO,M
JULIETA,F
AGOSTINA,F
SANTIAGO,M
CRISTOBAL,M
VALENTINA,F
GUILLERMINA,F
FRANCISCO,M
BRAIAN,M
JOAQUIN,M
IGNACIO,M
MARIANO,M
LARA,F
BARBARA,F
SOFIA,F
DAVID,M
INES,F
SIMON,M
SEBASTIAN,M
CRISTIAN,M
FEDERICO,M
FRANCISCO,M
JUAN,M
PATRICIO,M
MATIAS,M
DANIELA,F
FACUNDO,M
BRUNO,M
PAULINA,F
BRUNO,M
JOSEFINA,F
FEDERICO,M
FEDERICO,M
ALMA,F
AGUSTIN,M
AGUSTINA,F
ELIAS,M
LUCIA,F
ROCIO,F
MAYRA,F
JUAN,M
VIRGINIA,F
TOMAS,M
PEDRO,M
MARTIN,M
BRIAN,M
FRANCISCO,M
SOFIA,F
IGNACIO,M
PABLO,M
HERNAN,M
PRISCILA,F
FACUNDO,M
FLORENCIA,F
BRIAN,M
ALDANA,F
VITTORIO,M
MELANIE,F
ALINA,F
MATIAS,M
EDUARDO,M
LOURDES,F
FELIPE,M
JULIETA,F
ANA,F
AGUSTIN,M
NABIL,M
IGNACIO,M
MELISA,F
MARTIN,M
IVANA,F
FRANCISCO,M
CAMILA,F
TOMAS,M
VALENTIN,M
CATALINA,F
MARIA,F
HOMERO,M
JUAN,M
LUCIA,F
TOMAS,M
FEDERICO,M
MICAELA,F
MARCELO,M
ALEJO,M
SOFIA,F
FLORENCIA,F
DERLIS,M
PATRICIO,M
CAMILA,F
PEDRO,M
MARIA,F
LUCIANA,F
FERNANDA,F
ALEJANDRO,M
MANUEL,M
SOFIA,F
FEDERICO,M
SOPHIE,F
CAMILA,F
CAMILA,F
PEDRO,M
LUZ,F
RAUL,M
DAIANA,F
ANTONELLA,F
CHRISTIAN,M
MAICA,F
FEDERICO,M
MATIAS,M
ARTURO,M
NICOLAS,M
PABLO,M
FLORENCIA,F
MACARENA,F
BELEN,F
MAIRA,F
FACUNDO,M
ROBERT,M
HERNAN,M
NATALIA,F
GERMAN,M
STEFANO,M
PAULA,F
VICTORIA,F
FLORENCIA,F
MATIAS,M
FRANCO,M
ORNELLA,F
VIRGINIA,F
KIREINA,F
NICOLAS,M
YAMILA,F
JULIAN,M
LORENA,F
LOLA,F
MARIA,F
FRANCISCO,M
FLORENCIA,F
KARINA,F
MACARENA,F
BIANCA,F
FRANCO,M
EZEQUIEL,M
SANTIAGO,M
AGOSTINA,F
FRANCO,M
PEDRO,M
MARTIN,M
FACUNDO,M
PEDRO,M
LORENA,F
JULIANA,F
JUAN,M
ROCIO,F
NICOLAS,M
JUAN,M
TOMAS,M
MELINA,F
FEDERICO,M
GUADALUPE,F
NICOLAS,M
VERONICA,F
LEANDRO,M
SEBASTIAN,M
SOFIA,F
IGNACIO,M
NOELIA,F
JOSE,M
CATALINA,F
AGUSTINA,F
AXEL,M
MARTIN,M
MELINA,F
FACUNDO,M
IGNACIO,M
CAMILA,F
IÑAKI,M
VICTORIA,F
MARTINA,F
IAN,M
BLAS,M
BRYAN,M
WANDA,F
SANTIAGO,M
GREGORIO,M
AZUL,F
VALERIA,F
MACARENA,F
JESUS,M
CATALINA,F
LUCILA,F
JUAN,M
AGUSTINA,F
VICTORIA,F
DIEGO,M
FRANCINA,F
SHIRLEY,F
NICOLE,F
CECILIA,F
AGUSTIN,M
LETICIA,F
JULIAN,M
GONZALO,M
MATEO,M
KAMILA,F
MAXIMILIANO,M
ABRIL,F
ANA,F
LEANDRO,M
MARIA,F
ROMINA,F
HORTENCIA,F
GIULIANA,F
ALDANA,F
BRENDA,F
MARCOS,M
DAIRA,F
ASHLEY,F
CAMILA,F
ORNELLA,F
GUIDO,M
TOMAS,M
AGUSTIN,M
MARIANO,M
ANTONELLA,F
MARIANA,F
LUCAS,M
CAMILA,F
ADRIANA,F
DAIRA,F
KENZO,M
JULIANA,F
MATIAS,M
MARIA,F
LISSETTE,F
DIEGO,M
JUAN,M
YOHANA,F
BRYAN,M
GEMA,F
JULIAN,M
MICAELA,F
GERONIMO,M
SOFIA,F
TOMAS,M
LAURA,F
VALERIA,F
NICOLAS,M
JORGE,M
FEDERICO,M
MARIA,F
VANESA,F
MARTIN,M
IVAN,M
WANDA,F
JORGE,M
FEDERICO,M
ROCIO,F
GABRIELA,F
ANDREA,F
HUGO,M
ISABELLA,F
JUAN,M
CAMILA,F
MATIAS,M
HAROLD,M
VICTOR,M
VALENTINA,F
MARIA,F
VICTOR,M
EZEQUIEL,M
SOL,F
GIULIANA,F
SOL,F
MARTINA,F
LEANDRO,M
ESTEBAN,M
BRENDA,F
IGNACIO,M
JUAN,M
MARIA,F
SANTIAGO,M
GIOVANNA,F
LOURDES,F
FLORENCIA,F
JUAN,M
MARIA,F
MARIA,F
CRISTEL,F
VALENTINA,F
LOURDES,F
AUGUSTO,M
NICOLAS,M
JULETHSI,F
SANTIAGO,M
MARTIN,M
MARIA,F
VERONICA,F
IGNACIO,M
GASPAR,M
CAMILA,F
HUGO,M
JULIAN,M
JUAN,M
ANDREA,F
PABLO,M
AINOA,F
SOFIA,F
VICENTE,M
FRANCO,M
YAMILA,F
DAVID,M
ALFONSINA,F
BRAIAN,M
DOLLY,F
MILAGROS,F
CRISTIAN,M
CAMILA,F
THIAGO,M
OCTAVIO,M
DIEGO,M
BELEN,F
CAMILO,M
MELINA,F
GINA,F
SANTIAGO,M
VICTORIA,F
REGINA,F
SANTIAGO,M
FEDERICO,M
MALENA,F
ANABEL,F
KAREN,F
MATIAS,M
MARIA,F
LAURA,F
SILVINA,F
TERESA,F
IVO,M
MARIA,F
ERICA,F
RUTH,F
MARIA,F
ISABELLA,F
IVANA,F
MANUELA,F
IGNACIO,M
LAURA,F
ALVARO,M
RAMONA,F
EVELYN,F
JULIETA,F
EDUARDO,M
LUCAS,M
DIANELA,F
MARIAH,F
ANA,F
ANDREA,F
FIORELLA,F
LUCIANO,M
ANNA,F
MILES,M
CRISTIAN,M
DANIELA,F
DIEGO,M
MILAGROS,F
MANUEL,M
AGUSTIN,M
THARIK,M
TIZIANA,F
SEBASTIAN,M
DANIELA,F
MARIA,F
MARCOS,M
DAMIAN,M
FRANCO,M
CARLA,F
DANIELA,F
JUAN,M
LUCIO,M
JUAN,M
JUAN,M
MARION,F
AGUSTIN,M
FRANCO,M
FRANCISCO,M
MARIA,F
RIXIO,M
LUCIANO,M
NICOLAS,M
KEVIN,M
XAVIER,M
VALERIA,F
FLORENCIA,F
DAMIAN,M
MARIA,F
FLAVIA,F
SERGIO,M
ADRIAN,M
FERNANDO,M
FRANCISCO,M
ALEJANDRA,F
GISSELL,F
FABIO,M
ALEXANDER,M
ROSE,F
LUZ,F
JOAO,M
EVELYN,F
JUAN,M
ALEJO,M
NICOLAS,M
KATHERINE,F
LUCAS,M
RITA,F
MICAELA,F
JULIO,M
ALEJANDRA,F
LUCIA,F
CAMILA,F
JUAN,M
GABRIEL,M
GUSTAVO,M
MARTINA,F
DAIANA,F
VANESA,F
FLORENCIA,F
TOMAS,M
JERONIMO,M
JUANA,F
LAURA,F
JUAN,M
LAURA,F
ANGELICA,F
LIZETH,F
ALICIA,F
JESSICA,F
MARIA,F
FRANKLIN,M
ARIANNA,F
LUCAS,M
FERNANDO,M
JUAN,M
LYDA,F
FRANCO,M
CAMILA,F
JHON,M
REVECA,F
MARIA,F
ALAN,M
MARGIE,F
FELIPE,M
JUAN,M
MARIA,F
JESSICA,F
AYELEN,F
CRISTOPHER,M
MARIA,F
MARTHA,F
SEBASTIAN,M
MELISSA,F
FLAVIO,M
KAREN,F
ROCIO,F
NANCY,F
ROCIO,F
MAGALY,F
LETICIA,F
GONZALO,M
LUIS,M
JULIETA,F
GABRIEL,M
JUAN,M
JULIAN,M
SOFIA,F
MILENA,F
PABLO,M
CAROLINA,F
AGUSTIN,M
ALFREDO,M
SANTIAGO,M
ALEJANDRO,M
MARIA,F
LUIZ,M
IGNACIO,M
FEDERICO,M
ANNA,F
MICHELLE,F
LETICIA,F
ALAN,M
ISAIAS,M
DARWIN,M
ALEJANDRO,M
LUCIANA,F
MANUELA,F
MAYLA,F
EULER,M
JUAN,M
MIRKO,M
GABRIELA,F
KHIARA,F
KARLA,F
FRANCO,M
YAZMIN,F
ANDRES,M
DANIELA,F
EVELYN,F
ANDRES,M
STEFANIA,F
ITALO,M
REGINA,F
KEREN,F
EMILIA,F
EVELYN,F
LEANDRO,M
ANA,F
CIRIGLIANO,M
IÑAKI,M
YANINA,F
VERONICA,F
MANOEL,M
DULIA,F
MARIA,F
DAVID,M
PAOLA,F
MARIA,F
ALEXIS,M
GABRIELA,F
BRADD,M
BETANIA,F
MILENA,F
CLAUDIA,F
HAMILY,F
FELIPE,M
ERICA,F
TOMAS,M
ANIBAL,M
LAURA,F
LUIS,M
LUIS,M
LEONARDO,M
NELIDA,F
RICHARD,M
AGUSTIN,M
MANUELA,F
SANTIAGO,M
KAROL,M
GABRIELA,F
PAMELA,F
LORENA,F
DANIEL,M
PAUL,M
MARIA,F
NICANOR,M
ANDRES,M
LUIS,M
MARIELA,F
PEDRO,M
LUIS,M
ERIKA,F
JUAN,M
ELIZABETH,F
JAVIER,M
CRISTHIAN,M
HEIDY,F
KEYLA,F
CIRO,M
PAOLA,F
MARISABEL,F
PRISCILLA,F
IVAN,M
HERNAN,M
CLEMENCIA,F
JOAQUIN,M
ORIANA,F
MARIA,F
MARIA,F
MARIA,F
AIXA,F
JOSEFINA,F
CAMILA,F
DANIEL,M
DELFINA,F
IÑAKI,M
AGUSTINA,F
FABRIZIO,M
AGUSTINA,F
PEDRO,M
JOAQUIN,M
FELIPE,M
VALERIA,F
AGUSTINA,F
VICTORIA,F
CAROLINA,F
FLORENCIA,F
SOFIA,F
MAXIMILIANO,M
DAIANA,F
MARIA,F
PAUL,M
CATERINA,F
MARIA,F
FRANCO,M
LUCIA,F
JAZMIN,F
DAVID,M
ANDRES,M
MARIA,F
MARTINA,F
MARINA,F
DOLORES,F
ROCIO,F
ROMINA,F
CAMILA,F
MARIA,F
JUAN,M
ELIAN,M
MARIANA,F
CARLOS,M
ANTONELLA,F
MILTON,M
DAMARIS,F
NATALIA,F
ZACARIAS,M
JOAQUIN,M
PAULA,F
JULIANA,F
CAMILA,F
RICARDO,M
AGUSTINA,F
SAMIRA,F
GUIDO,M
PATRICIO,M
MARIA,F
MARIA,F
ESTRELLA,F
FACUNDO,M
DIEGO,M
AGUSTINA,F
DOLORES,F
MATIAS,M
JOSE,M
VALENTINA,F
ROCIO,F
CLARISA,F
LUCAS,M
AGUSTIN,M
MARIA,F
DAVID,M
PABLO,M
FACUNDO,M
ANA,F
MARTIN,M
CAROLINA,F
MARIO,M
TOMAS,M
CATALINA,F
MAURO,M
GIANFRANCO,M
EMILIO,M
EZEQUIEL,M
MARIA,F
JUAN,M
FLORENCIA,F
LUCIA,F
PAULINA,F
GUSTAVO,M
SHIRLEY,F
FRANCO,M
LUIS,M
FAUSTO,M
JULIETA,F
GIAN,M
DOMINGO,M
LUCIANA,F
ARIEL,M
MANUEL,M
YOSSELYN,F
GASTON,M
BELEN,F
ALDANA,F
ESTEFANIA,F
GIULIANO,M
ALBANIE,F
MARCO,M
AGUSTIN,M
MARIA,F
IGNACIO,M
FRANCISCO,M
AGUSTINA,F
AGUSTINA,F
MARIA,F
CATALINA,F
FRANCO,M
VALENTINA,F
LUCILA,F
VALENTINA,F
ALDANA,F
SOFIA,F
LUCIANO,M
MARISSELLE,F
JULIAN,M
MATEO,M
TOMAS,M
MARLON,M
MARIA,F
RENZO,M
TOMAS,M
VALENTIN,M
AGUSTIN,M
MIRYAN,F
MERCEDES,F
MATEO,M
FRANCO,M
NATALIA,F
MARIA,F
JORELY,F
ANTONELLA,F
NOLVIA,F
KAREN,F
SOFIA,F
MARTIN,M
JOSE,M
ANA,F
JUAN,M
CATALINA,F
VALENTINA,F
MATEO,M
CATALINA,F
SAUL,M
MILENA,F
FRANCO,M
GONZALO,M
JOSSUE,M
NOELIA,F
JUAN,M
JUAN,M
NICOLAS,M
LUCILA,F
ORIANA,F
DAIANA,F
MARTIN,M
JHONN,M
ENZO,M
RODRIGO,M
AGUSTINA,F
EUGENIA,F
ANDRES,M
MARIA,F
ROXANA,F
MARIA,F
LAUTARO,M
JUAN,M
ALISON,F
ADRIANA,F
MARTINA,F
DELFINA,F
LUCILA,F
CAMILA,F
LUIS,M
HUGO,M
AUGUSTO,M
ROCIO,F
ALDANA,F
MEDARDO,M
JOCELINE,F
LISANDRO,M
LEANDRO,M
RICARDO,M
GABRIELA,F
GERMAN,M
SOL,F
SAMUEL,M
MILENA,F
ERICK,M
ESTEBAN,M
ANDREIA,F
MARTIN,M
MARIA,F
JULIO,M
ONELIA,F
EVELYN,F
JOSE,M
MARLON,M
EDA,F
JUAN,M
ANA,F
MARIA,F
ALEX,M
JESUS,M
JUAN,M
ESTEFANÍA,F
CARLOS,M
AGUSTINA,F
JUAN,M
JEAN,M
DANIELA,F
MARIO,M
MARTIN,M
JOSE,M
LAILA,F
DENISE,F
ANA,F
STEEVEN,M
DAVID,M
PAULA,F
CAMILA,F
DIEGO,M
KAYLEEN,F
JULIAN,M
LUIS,M
LOREDANA,F
ROSSIE,F
HUGO,M
DAYANA,F
ABIGAIL,F
PILAR,F
JHOSELYN,F
SEBASTIAN,M
SANTIAGO,M
NICOLAS,M
BRANKO,M
JULIO,M
LUCIA,F
VALERIA,F
MANUEL,M
ANDREA,F
LUCIANO,M
KATHERINE,F
DANIELA,F
JUAN,M
DOMINGA,F
ALVARO,M
CAMILA,F
GRECIA,F
CARLOS,M
YOCELYN,F
BRENDA,F
PAOLA,F
NICOLAS,M
ANABELLA,F
ANGEL,M
FRANKLIN,M
FRANCO,M
CHRISTIAN,M
ANA,F
ROMINA,F
FIORELA,F
JOHN,M
MARIO,M
JUCIELY,F
CAMILA,F
MATIAS,M
AGUSTIN,M
DARWIN,M
HENRY,M
FRANCO,M
RAMIRO,M
GABRIELA,F
JUAN,M
EDWIN,M
ALVARO,M
MARCELO,M
FERNANDO,M
MARIA,F
FRANCO,M
MACARENA,F
ANTONELLA,F
DENNIS,M
XIMENA,F
KARINA,F
ALEXANDER,M
FRANCISCO,M
KRISS,M
MATIAS,M
MARIO,M
ERIKA,F
KARLA,F
JUAN,M
GERMAN,M
HECTOR,M
DIEGO,M
AYDEE,F
JOEL,M
JOSE,M
SELVY,F
ANDRES,M
GRACE,F
MARCOS,M
JORDY,M
JOSE,M
LOURDES,F
RODRIGO,M
JHONNY,M
CAROLINA,F
VICTOR,M
LEONARDO,M
ENZO,M
WENDY,F
CARLOS,M
MARCOS,M
LILIANA,F
FABIOLA,F
PAOLA,F
GUIDO,M
CAROLINA,F
JOSE,M
MIJAIL,M
DENISSE,F
EULOGIA,F
EDUARDO,M
LUIS,M
SUSANA,F
MARTHA,F
DARIO,M
WILMER,M
RUBEN,M
CARMEN,F
JUAN,M
JHON,M
ALEX,M
DARIEN,M
LAURA,F
RODOLFO,M
ROBERTO,M
JHOSELIN,F
PRIMA,F
JORGE,M
PEDRO,M
JUAN,M
EZEQUIEL,M
VICTORIA,F
TOMAS,M
ROCIO,F
MICAELA,F
ANDRE,M
SANTIAGO,M
FACUNDO,M
GERONIMO,M
FLORENCIA,F
CELINA,F
JULIETA,F
CELESTE,F
FRANCISCO,M
FEDERICO,M
IGNACIO,M
AGUSTIN,M
LUCIANO,M
FACUNDO,M
ANA,F
HECTOR,M
FACUNDO,M
FERNANDO,M
NICOLAS,M
ODALIS,F
LUCAS,M
MICAELA,F
CONSTANZA,F
JOEL,M
FEDERICO,M
DIEGO,M
PAULA,F
KATHERINE,F
EDUAR,M
DAVOR,M
MARIA,F
JUAN,M
JOSELYN,F
AGOSTINA,F
LUIS,M
NESTOR,M
RICARDO,M
WILLIAM,M
BRIAN,M
JEISSON,M
JAIRO,M
LEONEL,M
LUCIANO,M
JORGELINA,F
GERMAN,M
JULIETA,F
MARCOS,M
ANDRES,M
ARIEL,M
FRANCISCO,M
CRISTIAN,M
ALEJANDRA,F
LIMBER,F
MAYRA,F
CLARA,F
JUAN,M
ROCIO,F
FRANCESCA,F
CAROLINA,F
RICARDO,M
CAMILA,F
STEFANO,M
LARA,F
CAMILA,F
MARINA,F
EUGENIA,F
DANIELA,F
VALENTINA,F
RAMIRO,M
FERNANDO,M
PALOMA,F
MARTIN,M
CAMILA,F
MAURICIO,M
JOSEFINA,F
FELIPE,M
SARA,F
GUILLERMINA,F
MARCELA,F
SOFIA,F
FRANCIS,M
CAROLA,F
AGUSTIN,M
LUCAS,M
AGUSTINA,F
NICOLAS,M
BERNARDO,M
CATHERINE,F
MARIA,F
BRISA,F
FACUNDO,M
MARCOS,M
SANTIAGO,M
AUGUSTO,M
ROBERTO,M
MARIA,F
TATYANA,F
MYRIAM,F
FACUNDO,M
AGUSTIN,M
JULIA,F
MAILEN,F
GIAN,M
JOSEFINA,F
JUAN,M
PALOMA,F
CAMILA,F
CARLOS,M
CAMILA,F
MATIAS,M
OSCAR,M
ANTONIO,M
DEBORAH,F
FRANCISCO,M
ROCIO,F
BELEN,F
AGUSTIN,M
DENISE,F
FELIPE,M
SOFIA,F
MILAGROS,F
SOFIA,F
KAREN,F
NAIMID,F
LUCIA,F
SANTIAGO,M
SERENA,F
AGUSTIN,M
MARIA,F
JULIANA,F
JUAN,M
ANA,F
LAUTARO,M
VALENTINA,F
DELFINA,F
IGNACIO,M
BEATRIZ,F
MARIA,F
PAULA,F
RODRIGO,M
MARIA,F
FACUNDO,M
AGOSTINA,F
POLO,M
NATALIA,F
MARIA,F
KAREN,F
CATALINA,F
STEFANIA,F
IGNACIO,M
MAIA,F
MARIA,F
GONZALO,M
WANDA,F
LUCILA,F
JUAN,M
FACUNDO,M
MARCOS,M
DIEGO,M
HYON,M
JUAN,M
MATHEW,M
JEFFERSON,M
LAUTARO,M
DAYANA,F
MARTINA,F
JULIANA,F
MARIA,F
NATASHA,F
CAMILA,F
AGUSTINA,F
JUAN,M
LUCILA,F
VALERIA,F
CAROLA,F
CANDELA,F
ALVARO,M
ABRIL,F
KAREN,F
RAMIRO,M
SAMANTHA,F
ALDANA,F
JUAN,M
AGUSTINA,F
DESIREE,F
YOCELYN,F
JOAQUIN,M
JACQUELINA,F
MARTIN,M
FRANCESCA,F
MAGDALENA,F
FABIO,M
EVELYN,F
TATIANE,F
ERIKA,F
MARIA,F
NATHALIA,F
JUAN,M
YULIETH,F
JORGE,M
LUCIA,F
LUCIA,F
ALANA,F
LUCIANA,F
MARIANA,F
JAIR,M
FACUNDO,M
ALVARO,M
NAHIR,F
SASHA,F
LUIS,M
PAULA,F
FERNANDO,M
MARIA,F
ANGELA,F
MATEO,M
FERMIN,M
JASMIN,F
LUISINA,F
FLORENCIA,F
MACARENA,F
GIULIANA,F
FLORENCIA,F
FRANCESCO,M
THAIS,F
MARICIELO,F
NATALIA,F
ROCIO,F
MARIA,F
NANCY,F
SOFIA,F
ALDANA,F
SARAH,F
GUILLERMO,M
OLIVER,M
MAURO,M
ANDRES,M
MILAGROS,F
LOURDES,F
JOSUE,M
AILEN,F
LAILA,F
ANA,F
CAMILA,F
MARIA,F
FACUNDO,M
MARTINA,F
SONIA,F
FLORENCIA,F
VANESSA,F
CARLOS,M
MELINA,F
GABRIEL,M
MACARENA,F
CORINA,F
MELINA,F
JUAN,M
EZEQUIEL,M
YAMILA,F
VICTOR,M
BERNARDITA,F
IAN,M
KEIVER,M
MELINA,F
FACUNDO,M
MAURICIO,M
DIANA,F
ZURIÑE,F
MARIA,F
CHIARA,F
ABRIL,F
EMMANUEL,M
NANCY,F
MARIA,F
FRANCO,M
FELIPE,M
LAURA,F
MARTINA,F
FELIPE,M
MARIA,F
IÑAKI,M
GUADALUPE,F
AGOSTINA,F
AMINTA,F
JUAN,M
ERIC,M
IARA,F
FAUSTINA,F
VALENTINA,F
DANA,F
JOSE,M
YANINA,F
JULIETA,F
JUAN,M
HARRY,M
AGUSTIN,M
EMILIANA,F
FLORENCIA,F
CARLINA,F
ISRAEL,M
SABRINA,F
KAHUANA,F
PABLO,M
TOMAS,M
MARIA,F
CAMILA,F
MANUELA,F
INES,F
BRYAN,M
MALENA,F
LUISINA,F
ANNA,F
LEANDRO,M
BRENDA,F
FEDERICO,M
CATALINA,F
EUGENIA,F
JENIFER,F
AGUSTINA,F
FEDERICO,M
BRENDA,F
GUSTAVO,M
DIEGO,M
MARIA,F
ANDREA,F
CAMILA,F
LAUTARO,M
ALISSON,F
BRAIAN,M
HUMBERTO,M
MARIA,F
RENATA,F
MARIA,F
REBECA,F
MARIA,F
LUCIA,F
PABHULLO,M
LUCIANA,F
RODOLFO,M
MARTINA,F
MARIA,F
AGUSTINA,F
CAROLINA,F
TOMAS,M
LILEN,F
DELFINA,F
MARIA,F
CARMELA,F
ROSARIO,F
JURI,M
BETANIA,F
SANTIAGO,M
SONIA,F
KARLA,F
CLAUDIA,F
CAMILA,F
JOSE,M
DANIEL,M
RUTH,F
ANDREA,F
IRMA,F
FRANCO,M
DANIELLE,F
MARIA,F
JEFFREY,M
ESTEFANIA,F
BRENDA,F
JULIETA,F
INES,F
ALESSANDRO,M
MICAELA,F
MARÍA,F
NATASHA,F
MATIAS,M
JEFFERSON,M
CANDELA,F
JUAN,M
LARA,F
MICHAEL,M
RAYANA,F
MILTON,M
MARIA,F
EMILIO,M
GABRIELLE,F
ERIK,M
CAROLINA,F
JESSICA,F
VERONICA,F
AYELEN,F
JUAN,M
ANABEL,F
CARLOS,M
FABIANA,F
MARIA,F
NATHALIA,F
TOMAS,M
ALAN,M
MARIA,F
MILAGRO,F
CRISTIAN,M
SOL,F
MARIA,F
JERONIMO,M
CARLOS,M
TOMAS,M
LUIS,M
RENAN,M
EMANUEL,M
ROCIO,F
DANILO,M
AGUSTINA,F
IGNACIO,M
ORIANA,F
JENNY,F
MELINA,F
SOFIA,F
INGRID,F
KATHERINE,F
RAUL,M
YEREMY,M
ROSARIO,F
FLORENCIA,F
JAIR,M
CAMILA,F
EDISON,M
FRANCESCA,F
GISELA,F
MARIA,F
ANA,F
GINGER,F
MARINA,F
JESSENIA,F
JUAN,M
LINA,F
NATHALY,F
JOSEFINA,F
ISRAEL,M
NAHUEL,M
LUCIO,M
CAROLINA,F
IGNACIO,M
MATIAS,M
LIA,F
YUDY,F
SEBASTIAN,M
MARIA,F
NANDY,F
OMAR,M
GONZALO,M
MARIA,F
JAMIL,M
IARA,F
AUGUSTO,M
AGOSTINA,F
JESUS,M
CAROLINA,F
AGUSTIN,M
DEBORA,F
CAMILA,F
ORNELLA,F
JUAN,M
LUIS,M
CRISTIAN,M
VERONICA,F
CRISTOBAL,M
YESSENIA,F
SANTOS,M
DANIELA,F
BELEN,F
JESSICA,F
EVELYN,F
ALEXANDER,M
CLAUDIA,F
MICAELA,F
MANUEL,M
JUAN,M
CAMILO,M
JONATHAN,M
SOFIA,F
LUCAS,M
GABRIEL,M
JOAQUIN,M
LAURA,F
VALERIA,F
AGUSTINA,F
ANA,F
CAMILA,F
YANET,F
LILI,F
GERARDO,M
WALTER,M
MARIA,F
SANTIAGO,M
IVAN,M
MIGUEL,M
DENISSE,F
ELVIS,M
GIOVANNA,F
JORGE,M
GREGORIO,M
JUANA,F
SILVIA,F
DANIEL,M
EDISON,M
SANDRA,F
JUAN,M
JOAQUIN,M
KELLY,F
DULCE,F
MARINA,F
ORIANA,F
RICARDO,M
FERNANDA,F
JHON,M
JOSE,M
EMMANUEL,M
DANIELA,F
FELIPE,M
JOSE,M
MARIA,F
NICOLE,F
MIRTHA,F
PAOLA,F
CRISTIAN,M
MARIA,F
MARGORY,F
ANGELA,F
AYELEN,F
FIORELLA,F
EMILEIDY,F
NATALY,F
MARCELO,M
DIANA,F
LUCIA,F
GISELLA,F
JOSE,M
DENIS,M
DIEGO,M
JUAN,M
MICHAEL,M
NESTOR,M
KAREN,F
NATALIA,F
GERARDO,M
JEISSON,M
SEBASTIAN,M
MAGALI,F
MARIA,F
JESUS,M
DARWIN,M
MARIANO,M
JOHANNA,F
MATIAS,M
JENNIFER,F
MARIA,F
CARLOS,M
CRISTIAN,M
CARLOS,M
NATALIA,F
EVELYN,F
MAYRA,F
ISAAC,M
MARIA,F
PAOLA,F
ZOILA,F
JUAN,M
EDISON,M
SOFIA,F
MAXIMO,M
VICTOR,M
ROSARIO,F
LINDA,F
MARIA,F
CAMILA,F
SANTIAGO,M
JHONNY,M
CRISTINA,F
JUAN,M
JOSE,M
IRAZEMA,F
ETHSSEL,F
DANIEL,M
LAURA,F
JOSHUA,M
YAMIL,M
HELEN,F
ALBERTO,M
RONNIE,M
AURA,F
VICTOR,M
KATHERIN,F
MERCY,F
BRYAM,M
JUNIOR,M
JOHANA,F
LORAINE,F
EDISON,M
GABRIELA,F
JOSE,M
JACKSON,M
LUIS,M
EDITH,F
JESSICA,F
PATRICIO,M
DANIEL,M
NARLIS,F
CRISTIAN,M
MARIAN,F
KEN,M
JESSICA,F
BENJAMIN,M
MAURICIO,M
DEYANIRA,F
MARIA,F
MANUEL,M
KARLA,F
JOSE,M
FREYDER,M
RENATO,M
ERNESTO,M
JOSUE,M
JHOSELYN,F
BENJAMIN,M
VLADIMIR,M
ALEJANDRA,F
DIEGO,M
VICTORIA,F
JENNY,F
ADRIAN,M
FRANZ,M
DIANA,F
MYRNA,F
PABLO,M
DYONATHAM,M
CARLOS,M
ANTONELLA,F
JAVIER,M
JONATHAN,M
MARIO,M
ANDREA,F
LIGYA,F
LUIS,M
JAIME,M
KEVIN,M
GIORDANO,M
DIEGO,M
BYRON,M
MARIA,F
JOSE,M
DIANA,F
NANCY,F
GLADYS,F
MARIA,F
CRISTIAN,M
ROBERTO,M
LENIN,M
BRYAN,M
JONATHAN,M
DANIEL,M
MANUEL,M
KEVIN,M
MARCELA,F
JOHN,M
VIRGINIA,F
RODMAN,M
CRISTIAN,M
XIMENA,F
PAOLA,F
RENAN,M
JOSE,M
FRANZ,M
WILSON,M
CAMILA,F
GUSTAVO,M
RANDALL,F
KELLY,F
DIEGO,M
PAOLA,F
GIOVANY,M
MARCEL,M
PABLO,M
JULIO,M
HEIDI,F
VICTOR,M
MANUEL,M
LIZETTE,F
JAIRO,M
VIANCA,F
EVELYN,F
ADLAY,M
LYAM,M
DANIEL,M
YESSICA,F
WALTER,M
PIERINA,F
DANIEL,M
LAURA,F
JAIME,M
GABRIEL,M
KATHERIN,F
ROSMERY,F
ISAAC,M
RUTH,F
JOHN,M
CRISTIAN,M
JARED,M
OMAR,M
ERWIN,M
MARVIN,M
JOSE,M
CRISTIAN,M
JULIAN,M
JHERSON,M
JUAN,M
ROGER,M
JIMENA,F
FREDDY,M
KARLA,F
ALONDRA,F
VANIA,F
RAUL,M
LAURA,F
VICTORIA,F
DOLORES,F
LARA,F
ROCIO,F
SANTIAGO,M
DARDO,M
SANTIAGO,M
CAMILA,F
JULIETA,F
CHLOE,F
MARIA,F
CANDELA,F
PABLO,M
LUCAS,M
ORIANA,F
SOFIA,F
MARIA,F
VERONIKA,F
VALERIA,F
JULIANA,F
ELIAS,M
AGUSTINA,F
MARCOS,M
MILENA,F
EMILIA,F
ARIANA,F
MORENA,F
MARIA,F
MELANIE,F
VALERIA,F
MARICEL,F
CAMILA,F
SOFIA,F
TOBIAS,M
BIANCA,F
NICOLE,F
RODRIGO,M
GABRIEL,M
FLORENCIA,F
JENIFFER,F
ROCIO,F
PALOMA,F
ABRIL,F
OMAR,M
TATIANY,F
NATASHA,F
JULIANA,F
MARIANY,F
DANITZA,F
CAMILA,F
ADAN,M
ERICK,M
JONATHAN,M
JUAN,M
JEFFERSON,M
LUIS,M
EUGENIA,F
FRANCO,M
IÑAKI,M
MARTIN,M
AGUSTINA,F
AGUSTINA,F
LUCIANA,F
MARIA,F
MARIA,F
EUGENIA,F
DIEGO,M
SIMON,M
NICOLAS,M
TRINIDAD,F
CONSTANZA,F
MARIA,F
JUAN,M
MICAELA,F
LARA,F
PILAR,F
FACUNDO,M
NAHUEL,M
LUCIA,F
NURIA,F
GUADALUPE,F
MAGDALENA,F
FARID,M
SOFIA,F
MARTIN,M
MARIA,F
IGNACIO,M
JESUS,M
JUAN,M
MATIAS,M
JOSE,M
EZEQUIEL,M
AGUSTINA,F
YANINA,F
GIULIANA,F
SEYLA,F
EZEQUIEL,M
KELY,F
NATALIA,F
AGUSTINA,F
KAREN,F
SOL,F
MARTIN,M
SOL,F
JULIANNA,F
MARCO,M
NOELIA,F
GONZALO,M
ANDRES,M
MARIA,F
ANGEL,M
AGUSTINA,F
MARTIN,M
LUCIANA,F
VICTORIA,F
CAMILA,F
AGUSTINA,F
MARIA,F
CARLA,F
MARIA,F
LUCILA,F
LUCIA,F
SANTIAGO,M
PALOMA,F
SOFIA,F
ABRIL,F
JULIETA,F
GUADALUPE,F
MARCOS,M
JUAN,M
FERNANDO,M
JULIETA,F
CELESTE,F
MARIA,F
MARIA,F
PABLO,M
CINTHIA,F
TOMAS,M
MARINA,F
CAMILA,F
GERALDINE,F
DELFINA,F
SERGIO,M
BRAYHAN,M
LAUTARO,M
SOFIA,F
MERLINA,F
CAMILA,F
LAUTARO,M
JUANA,F
JACQUELINE,F
PRISCILA,F
JULIETA,F
VICTOR,M
JOSUE,M
CANDELA,F
MARIA,F
AGUSTINA,F
TOBIAS,M
MARIANA,F
MICAELA,F
VALENTINA,F
CAMILA,F
ANA,F
LAUTARO,M
BELEN,F
MATIAS,M
MARIA,F
KEYLEEN,F
AGUSTIN,M
DAIANA,F
MONICA,F
MARIA,F
HELI,F
ANA,F
MICAELA,F
ARIANA,F
CATALINA,F
JUAN,M
LISANDRO,M
MATIAS,M
ISAAC,M
LEILA,F
SANTIAGO,M
SANTIAGO,M
DELFINA,F
RENATA,F
BRAIAN,M
MARIA,F
ESTEFANIA,F
MIRANDA,F
EZEQUIEL,M
AGUSTIN,M
CESAR,M
FLAVIA,F
NOELIA,F
ANDRES,M
CAMILA,F
THAIMA,F
JOSEFINA,F
SARA,F
FACUNDO,M
MICAELA,F
JORDAN,M
MELINA,F
MARCOS,M
LUCIANA,F
MARIA,F
JULIET,F
MAURICIO,M
MARTIN,M
EDUARDO,M
JULIETA,F
JALMAR,M
WANDA,F
SERGIO,M
FLORENCIA,F
JUAN,M
ANGELICA,F
MANUELA,F
ABIGAIL,F
LUCIANA,F
JUAN,M
MARIA,F
NAHUEL,M
MARTINA,F
JOSEFINA,F
DAVID,M
DANIELA,F
CRISTINA,F
JOAQUIN,M
ANDREA,F
PABLO,M
AGUSTINA,F
ELIANA,F
JUAN,M
JOHANNA,F
EMANUEL,M
KAREN,F
JUAN,M
PAULA,F
MARIA,F
MARINA,F
JOSUE,M
MIRTHA,F
RUTH,F
BRUNA,F
DANIEL,M
SANTOS,M
MARIANA,F
SULLY,M
YESICA,F
ESTEBAN,M
CAMILO,M
YULI,F
FREDDY,M
HENRY,M
AGUSTINA,F
CANDELA,F
ERIKA,F
JULIO,M
LAURA,F
MARIA,F
ALEX,M
FERNANDO,M
TOMAS,M
HENDERSON,M
KAREN,F
JAIRO,M
CATALINA,F
LUCILA,F
MAGNA,F
MARIA,F
JORGE,M
INGRID,F
TOMAS,M
MARCELO,M
LUIS,M
ALDANA,F
LORENA,F
NATHALIA,F
MICAELA,F
MARIANA,F
ROCIO,F
JUAN,M
DAVID,M
NAOMI,F
YESID,M
STALIN,M
NATALIA,F
JUAN,M
TAIS,F
ANDRES,M
JUAN,M
JUAN,M
EDUARDO,M
CAROLINA,F
JOINER,M
EDGAR,M
CAMILA,F
JOAN,M
MARIA,F
MARIA,F
MELVA,F
MANUELA,F
MARTIN,M
MARUANA,F
FERNANDO,M
MAIRA,F
MARY,F
LUIS,M
SARA,F
SUSANA,F
YESENIA,F
FERNANDO,M
NATALIA,F
EVELYN,F
MATIAS,M
MARIO,M
CAMILO,M
GLADYS,F
ANDREA,F
PAULA,F
LIZBETH,F
CHRISTIAN,M
MARIO,M
NIEVES,F
NICOLLE,F
ANAHI,F
ALEX,M
CAMILA,F
JANDRY,M
ROCIO,F
ANGELES,F
ARNOLDO,M
BRAYAN,M
YULIETH,F
JENNIFER,F
MARILIA,F
DIEGO,M
MELINA,F
DELFINA,F
ISABEL,F
MARIA,F
MELINA,F
MARIA,F
MARIA,F
ABRIL,F
CAMILA,F
AGOSTINA,F
PILAR,F
DANNA,F
VANESA,F
VICTORIA,F
AXEL,M
FIORELLA,F
LINDA,F
DELFINA,F
CLARA,F
AGUSTINA,F
JOSEFINA,F
JULIETA,F
DAIANA,F
MARIA,F
LUISINA,F
CAMILA,F
VALENTINA,F
SOFIA,F
JULIETA,F
AZUL,F
BERNABELA,F
SILVIA,F
CATERINA,F
ROCIO,F
SOFIA,F
RODRIGO,M
MARIA,F
DELFINA,F
MARIA,F
ROSARIO,F
FLORENCIA,F
MILAGROS,F
MICAELA,F
GABRIELA,F
MARTINA,F
EUGENIA,F
TIAGO,M
CONSTANZA,F
VALENTINA,F
GABRIELA,F
DELFINA,F
SABRINA,F
MICAELA,F
AYLEN,F
CAMILA,F
IVANA,F
VALENTINA,F
VALENTINA,F
GABRIELA,F
MARIA,F
CAMILA,F
BRISA,F
CECILIA,F
CHIARA,F
MARTINA,F
MELINA,F
ORIANA,F
MARIA,F
BELEN,F
KATHIUSKA,F
ESTEFANIA,F
JANET,F
JULIAN,M
JULIETA,F
RENATA,F
CATALINA,F
MARINA,F
STEPHANIE,F
CANDELA,F
ANA,F
FLORENCIA,F
DALIA,F
LUCIA,F
PAULA,F
ALEJANDRA,F
GHIMEL,M
CAMILA,F
GRISELDA,F
LUCILA,F
LUCIANA,F
CAROLINA,F
ANTONELA,F
WANDA,F
JOHANNA,F
MARIA,F
LESLIE,F
FACUNDO,M
ABRIL,F
ALANNA,F
JUAN,M
GERALDINE,F
JULIETA,F
AGUSTINA,F
JUAN,M
EUGENIA,F
DANILA,F
XARET,F
KEVIN,M
MARÌA,F
AGUSTINA,F
ADA,F
SINDY,F
FLORENCIA,F
MAGALI,F
CAMILA,F
BELEN,F
MAURO,M
MARIA,F
AMIRA,F
MARJHOLY,F
HENNY,F
LIA,F
ANA,F
FLORENCIA,F
MARIA,F
JULIETA,F
SOL,F
JULIANA,F
CANDELA,F
BENICIO,M
VALERIA,F
NICOLAS,M
LARA,F
CATALINA,F
SOFIA,F
ALDANA,F
CATALINA,F
MARIA,F
SOL,F
JOAQUIN,M
JAVIER,M
WILSON,M
MELODY,F
CHIARA,F
NICOLE,F
GABRIEL,M
MARIA,F
JAZMIN,F
ZOE,F
SUNNY,F
LADY,F
BRIAN,M
ANDREA,F
MARIA,F
MARIA,F
MARIA,F
SOFIA,F
MARIA,F
MICAELA,F
VALENTINA,F
LARYSSA,F
MICAELA,F
FLORENCIA,F
BERNARDA,F
YAMILA,F
AGOSTINA,F
DAIANA,F
ANDRESSA,F
JENNIFER,F
GUADALUPE,F
LUCIANO,M
LOANNE,F
ABIGAIL,F
ELISA,F
ROCIO,F
BRENDA,F
CAMILA,F
LUCIA,F
LIA,F
INGRID,F
VALENTINA,F
JULIETA,F
FRANCISCA,F
BIANCA,F
DELFINA,F
ANA,F
JOHANA,F
EDWIN,M
THAYLI,F
TATIANA,F
YOHISMARI,F
SOL,F
ELIZA,F
KAREN,F
NATHALIA,F
FIAMMA,F
IRINA,F
KIMBERLY,F
PAMELA,F
ALEXANDRA,F
ANNA,F
LIGIA,F
FARLEIS,M
FEDERICO,M
GISELE,F
MARIA,F
MAYRA,F
MARIA,F
KATRYN,F
CARLOS,M
GABRIELA,F
JULIANA,F
RENATA,F
CECILIA,F
FLORENCIA,F
LUCRECIA,F
GUADALUPE,F
MARA,F
ARANTXA,F
ANTONELLA,F
IVETH,F
LAURA,F
CELESTE,F
STHEPANY,F
MAYTE,F
MARIA,F
CELENA,F
EVELING,F
MAYRA,F
SHARON,F
HELEN,F
GINNA,F
PAULA,F
ANGIE,F
DANIELA,F
ANDREINA,F
ANA,F
PATRICIA,F
BRUNA,F
MARIA,F
MARINA,F
MARIA,F
RENATA,F
GABRIELA,F
SUSANA,F
DELFINA,F
JULEIDY,F
MARTHA,F
CONSTANZA,F
JOSEFINA,F
MARIA,F
LADYS,F
FRANCISCO,M
LILIANA,F
JULIETH,F
MARIA,F
CAMILA,F
KARLA,F
ESTHEFANI,F
MARIA,F
SANTIAGO,M
KATHERINE,F
JESSICA,F
EVELYN,F
ARIEL,M
JOHANA,F
JORGE,M
KEILY,F
AZUL,F
CECILIA,F
VERONICA,F
ANGELA,F
VERONICA,F
LILIA,F
MILENA,F
ANDREA,F
ALLISON,F
ANA,F
DARIO,M
LEIDY,F
ANA,F
AGUSTINA,F
ALEJANDRA,F
PAULA,F
KORAIMA,F
TATIANA,F
LORRAN,F
LIZBET,F
ANA,F
MELISSA,F
VANESSA,F
VIRGINIA,F
HAROLD,M
ERIKA,F
VALERIA,F
SUSANA,F
KARIME,F
VANESSA,F
DAIRYS,F
VALERIA,F
LADY,F
MARIA,F
LILIANA,F
WILLIAMS,M
BEATRIZ,F
EVELYN,F
MARIA,F
LIZETH,F
SOFIA,F
PATRICIA,F
LORENA,F
JHOSELYNE,F
MELISSA,F
ZULIMA,F
KATHERINE,F
LIZBETH,F
DANIELA,F
DAYANA,F
JOSE,M
NOHEMI,F
GARY,M
GABRIELA,F
ALVARO,M
JULIETH,F
PAOLA,F
SILVIA,F
KETTY,F
DAMARIS,F
TAMARA,F
JHOANA,F
VIVIAN,F
WILMARY,F
ANA,F
CATALINA,F
PAUL,M
MARIA,F
LUCIA,F
MARIA,F
MARIA,F
FELIPE,M
MARIA,F
GUILLERMINA,F
ANGIE,F
TOMAS,M
NATALIA,F
DOLORES,F
EDUARDO,M
ANA,F
MARIA,F
KAREN,F
PEDRO,M
LUCIANA,F
MARTINA,F
ADRIANA,F
MARTINA,F
VALERIA,F
PEDRO,M
ALINE,F
MARIA,F
JUAN,M
MARIA,F
MELISA,F
CRISTIAN,M
SUSAN,F
DANIELA,F
ANDRES,M
LESLIE,F
DANA,F
ANDRES,M
JULIAN,M
ISAAC,M
ALEJANDRO,M
JOHNNY,M
DIMITRY,M
WALTER,M
JOAQUIN,M
HENRY,M
BRAYAN,M
ARIEL,M
FLORENCIA,F
JESSICA,F
TERESA,F
FACUNDO,M
IARA,F
MILAGROS,F
HILEN,F
SOFIA,F
MARCELO,M
TOMAS,M
MARLON,M
ROBERTO,M
LUIS,M
JOSSELINE,F
CAMILA,F
LAZARO,M
ABRIL,F
PAULO,M
MARIA,F
MAYLIN,F
DANIELA,F
SOFIA,F
ROMINA,F
VALENTIN,M
LUCIANA,F
CONSTANZA,F
TAMARA,F
VALERIA,F
GINO,M
AGUSTIN,M
CAMILA,F
JUAN,M
JULIAN,M
BRIAN,M
LUZ,F
RODRIGO,M
AGUSTIN,M
PABLO,M
MARA,F
DIANA,F
PABLO,M
HELEN,F
LUCILA,F
YULY,F
GUILLERMINA,F
ANGEL,M
ANDREA,F
SERGIO,M
JOSE,M
ELIANA,F
VIVIANA,F
RENATO,M
VICTOR,M
MARIANA,F
SANTIAGO,M
NICOLAS,M
LAURA,F
LUIS,M
ANGEL,M
HERNAN,M
ALEJANDRA,F
MELISSA,F
PABLO,M
DONOVAN,M
VALERIA,F
EDUARDO,M
DAVID,M
ROBERTO,M
LAURA,F
ROMINA,F
PAOLA,F
CONSTANTINO,M
MARIA,F
AUGUSTO,M
ALEJANDRA,F
AYMARA,F
ANGELIS,F
DANIELA,F
KATICSA,F
DANIELA,F
MACARENA,F
ANA,F
MARIA,F
SOFIA,F
ANDRES,M
NATHALIA,F
DALTON,M
CRISTOPHER,M
FRANCISCO,M
HILDA,F
FABIAN,M
LUCIA,F
LETICIA,F
JOSE,M
ANDRES,M
ANGEL,M
JEAN,M
OSCAR,M
WENDY,F
GABRIELA,F
LAURA,F
YORSI,M
MARTIN,M
FABIO,M
NATALY,F
CRISTIAN,M
CAMILA,F
TATIANA,F
ISABELLA,F
MAURO,M
NAIR,F
LUCA,M
SHIRLEY,F
ANDRES,M
MELANY,F
KARINA,F
ANA,F
GERARDO,M
JOSE,M
JOSE,M
ORNELLA,F
MARIA,F
WALTHER,M
RAQUEL,F
LAURA,F
DEYANIRA,F
KERLY,F
SUELEN,F
VANESSA,F
KEYS,F
ANDRES,M
MAURICIO,M
RAYANNE,F
BRIAN,M
DANITZA,F
CHARLY,M
NICOLAS,M
KEVIN,M
FABIAN,M
SHIRLEY,F
SERGIO,M
HERNAN,M
MAURO,M
BEKER,M
ANGELICA,F
ERIKA,F
TASHA,F
GISSELA,F
LAURA,F
HEYDDER,M
FEDERICO,M
KAREN,F
MARCOS,M
FERNANDO,M
CARLOS,M
VERONICA,F
LEIDY,F
LEANDRO,M
ELIANA,F
DARIO,M
EDUAR,M
SABRINA,F
JAIR,M
FIDEL,M
MARIANA,F
ALFREDO,M
JOSE,M
CAMILA,F
PEDRO,M
YEDIDTZA,F
MARIA,F
JUAN,M
ANDRES,M
FRANCISCO,M
RUDDY,M
LAURA,F
SANTIAGO,M
GLEINYS,F
MARLY,F
EDITH,F
ANDRES,M
SERGINIA,F
CRISTHIAN,M
MARIA,F
YANETH,F
DIEGO,M
JUAN,M
ANDREA,F
SERGIO,M
SEBASTIAN,M
EDWIN,M
DAGOBERTO,M
CAMILA,F
MARIA,F
PABLO,M
DAVID,M
DIANA,F
FERNANDA,F
MARIA,F
ALDANA,F
MARIA,F
DYLAN,M
MAYRA,F
ESTEFANIA,F
ANDRES,M
JORGE,M
BRAYAN,M
LIRIS,F
NORMA,F
MAYBELLINE,F
ANYELIS,F
JEAN,M
DOMENICA,F
ANYELO,M
JUAN,M
SIXTO,M
OSCAR,M
LINDA,F
ANGIBETH,F
JEISON,M
MELANY,F
LAURA,F
LEIDYS,F
LUIS,M
CYNTHIA,F
KAREN,F
ZULLYS,F
ALEJANDRA,F
MANUEL,M
MARIA,F
EDDUAR,M
SERGIO,M
ELISABETH,F
MELVIN,M
SWANNY,F
JAMES,M
GABRIELA,F
MARIA,F
PEDRO,M
STEPHANIE,F
EMMANUEL,M
ESTHEFANNY,F
CARLOS,M
EMIL,M
YANDRY,M
VANESSA,F
YELITZA,F
XAVIER,M
JUAN,M
ANDRE,M
GABRIELA,F
JEFERSSON,M
JULY,F
LEONARDO,M
DEIVI,M
KATHERINE,F
VALENTINA,F
ANDRES,M
MARIA,F
ALBERTO,M
MARIA,F
JUAN,M
CARLOS,M
ANCHELA,F
KARLA,F
DIANA,F
EMMANUEL,M
LOURDES,F
MASCIEL,F
JAVIER,M
MARIA,F
JOHN,M
NILO,M
ERIK,M
JORGE,M
GABRIELA,F
JOSE,M
ANA,F
CAROLA,F
ELIZABETH,F
CESAR,M
DAVID,M
MAZIEL,F
JEAN,M
CATHERIN,F
ISABELLA,F
MARCEL,M
ANDRES,M
NELVA,F
CLAUDIA,F
ANDRES,M
CARLOS,M
MARIA,F
ALEXANDER,M
SANTIAGO,M
MABEL,F
JORGE,M
JAIME,M
KAROL,M
JOSE,M
FERNANDO,M
MILENA,F
MARICELA,F
MARCOS,M
LINA,F
JESUS,M
DANIEL,M
EMILY,F
CRISTHIAN,M
KAREN,F
LUIS,M
MAURICIO,M
CARLOS,M
JULIANA,F
JOSE,M
DIEGO,M
DIANA,F
KATERYN,F
ANA,F
ALONSO,M
FRANZ,M
WILLIAM,M
NEYZA,F
MATIAS,M
BLANDINA,M
ISABELA,F
LETICIA,F
GIMENA,F
MARCELO,M
NADINE,F
LUCIANA,F
MARIA,F
ANTONELLA,F
EMILIANO,M
CAMILA,F
MARIA,F
CAMILA,F
NATASHA,F
ROMAN,M
ANTONELLA,F
ROMULO,M
GUSTAVO,M
MARIA,F
MARIA,F
JULIA,F
BARBARA,F
MARIA,F
WENDY,F
JOAQUIN,M
NICOLAS,M
GENARO,M
JOSUE,M
CAMILA,F
AGUSTINA,F
JAIME,M
HENRY,M
DAMIAN,M
LARA,F
BARBARA,F
NATALIA,F
AILIN,F
JUAN,M
JEAN,M
MARIA,F
CATALINA,F
IGNACIO,M
HANDYS,M
EMILIA,F
AGUSTINA,F
CAMILA,F
YAMILA,F
NAYARA,F
LUCIA,F
AGUSTINA,F
ADELA,F
GUADALUPE,F
VICTORIA,F
JOSEFINA,F
LEANDRO,M
CAMILA,F
MICAELA,F
MACARENA,F
FIORELLA,F
MARIA,F
GERALDINE,F
CATALINA,F
CAMILA,F
MARTINA,F
EVELYN,F
MARTINA,F
CAROLINA,F
ANGIE,F
BELEN,F
BARBARA,F
SILVIA,F
MARIANA,F
CARLOS,M
DIANA,F
ROCIO,F
STEFANNY,F
MARIA,F
NATHALIA,F
ROSA,F
CAMILA,F
IVAN,M
MARIA,F
MARIELA,F
KAREN,F
JOSELINE,F
VALENTINA,F
FLORENCIA,F
SILVIA,F
EVA,F
MARIA,F
SUHEILLY,F
SINECIO,M
YANINA,F
CRISTIAN,M
JIMENA,F
FRANCA,F
JUAN,M
TANIA,F
LEONARDO,M
KAREN,F
DEBORA,F
MARICEL,F
BRENDA,F
DAISY,F
CRISTINA,F
MILTON,M
FELIPE,M
ELSIE,F
KAREM,F
NIKOLE,F
CORINA,F
MARIA,F
JOAQUIN,M
CAMILO,M
JORGELINA,F
JULIANA,F
NICOLAS,M
CARLOS,M
CLAUDIA,F
BRAULIO,M
JOSE,M
JESSICA,F
NATHALY,F
JUANA,F
NICOLAS,M
FRANCISCO,M
GUADALUPE,F
MARIA,F
MARIA,F
BAUTISTA,M
MARIA,F
LUCIO,M
MILENA,F
BAUTISTA,M
MICAELA,F
CAMILA,F
MARIA,F
MARIA,F
FERNANDO,M
LUCIA,F
MARIA,F
SAMANTA,F
PEDRO,M
MARÍA,F
MARIA,F
FLORENCIA,F
DAFNE,F
CESAR,M
JONATHAN,M
ROSSI,F
MALENA,F
CAMILA,F
FRANCOIS,M
ISAAC,M
MARIA,F
ARIANNA,F
AMANDA,F
FACUNDO,M
LUCRECIA,F
RODRIGO,M
AGUSTINA,F
GIULIANA,F
KATHERINE,F
FACUNDO,M
FRANCISCO,M
ROSA,F
CAMILA,F
MARCOS,M
KAREN,F
PEDRO,M
CECILIA,F
DIEGO,M
ANTONELLA,F
LUCIA,F
ANA,F
JOSEFINA,F
KEVIN,M
LARISSA,F
LUCAS,M
NALINI,F
TAMARA,F
EMMANUEL,M
INGRID,F
DIANA,F
GIOVANNI,M
KARIN,F
RICHARD,M
KAREN,F
MARIA,F
PRISCILA,F
SANDRA,F
CATALINA,F
ROSA,F
PATRICIA,F
MARIA,F
GIMENA,F
MARIA,F
CANDELARIA,F
LUCIANA,F
TAINA,F
ANDREA,F
TERESA,F
PABLO,M
FLAVIA,F
FLORENCIA,F
ZOILA,F
VALERIA,F
MAYRA,F
EVELYN,F
HEIDY,F
ARLETE,F
MARIA,F
DAVID,M
MIGUEL,M
MARIA,F
JULIO,M
HERNAN,M
DAYANNA,F
PABLO,M
ABIGAIL,F
PAULINA,F
RICARDO,M
JOSELYN,F
EMILY,F
CRISTIAN,M
MARIA,F
ANDREA,F
STEVE,M
LEANDRO,M
CARLOS,M
FREDDY,M
BIANCA,F
LUZELVI,F
MARIA,F
JESSICA,F
HERNAN,M
NICOLE,F
SEBASTIAN,M
EVELYN,F
RICHARD,M
RONIE,M
CARLOS,M
GERMANIA,F
PATRICIA,F
PAMELA,F
CECILIA,F
ANLLELYNE,F
NOELIA,F
RITA,F
LENNY,M
SERENA,F
MARIA,F
ALAN,M
FLORENCIA,F
AGUSTINA,F
SHEILA,F
CHARO,F
MICAELA,F
AGUSTINA,F
FANNY,F
JORGE,M
KEVIN,M
DANIELA,F
ROSA,F
FRANCINE,F
GISSELA,F
KATHERINE,F
JESSICA,F
MATIAS,M
EMILIANA,F
MARINA,F
VALENTINA,F
ABIGAIL,F
JHOAN,M
CESAR,M
MELISSA,F
JOSEFINA,F
ERIKA,F
GABRIELA,F
SOFIA,F
LEONARDO,M
ERICA,F
KATHERINE,F
PAMELA,F
STHEFANY,F
YESENIA,F
MARIA,F
JAHAYRA,F
JUANA,F
IVI,F
IVANA,F
PAULA,F
JAIR,M
CATHERINE,F
MAGALI,F
NOELIA,F
JOSEFINA,F
MARTINA,F
CAMILA,F
BARBARA,F
CATERINA,F
JUAN,M
ROCIO,F
FRANCO,M
MATEO,M
NICOLE,F
JOAQUIN,M
FLORENCIA,F
LUCILA,F
MERCEDES,F
CAMILA,F
IARA,F
HERNAN,M
GUADALUPE,F
CAROLINA,F
MARIA,F
FRANCISCO,M
ROSA,F
MARIA,F
CAMILA,F
DOLORES,F
JOHANNA,F
LARA,F
ESTEBAN,M
ANA,F
JEANNE,F
MARIA,F
JOSE,M
LUIS,M
RAUL,M
SILVIA,F
XAVIER,M
JOANNA,F
ANA,F
KHALED,M
MARIANA,F
MARIA,F
SOFIA,F
AGUSTINA,F
SOL,F
VALENTINA,F
ANTONELLA,F
EMILIA,F
MARIA,F
SOLANGE,F
JULIETA,F
PEDRO,M
NICOLE,F
EVELYN,F
LOANA,F
MARIA,F
MARIANA,F
DAMIAN,M
MARTINA,F
MARIA,F
VALENTINA,F
TOMAS,M
ENZO,M
PALOMA,F
STEFANIA,F
LUCAS,M
NINA,F
LARA,F
AGUSTINA,F
ROCIO,F
DANIEL,M
LADY,F
LETICIA,F
GISELA,F
MARTIN,M
GIANFRANCO,M
MARTINA,F
MARIA,F
BELEN,F
ANDREI,M
LUCIA,F
DAIANA,F
CAMILA,F
MARIA,F
ANA,F
CANDELA,F
MARIA,F
MAGDALENA,F
JORGE,M
MORA,F
MARIA,F
RAFAEL,M
SOFIA,F
CLARA,F
TEO,M
CAROLINA,F
BIANCA,F
ALDANA,F
GISELA,F
MACARENA,F
ROCIO,F
AILEN,F
FLAVIA,F
AYELEN,F
MILAGROS,F
DIANA,F
MARIANA,F
LIZ,F
MIRANDA,F
LARA,F
DANUZA,F
ROCIO,F
ARIEL,M
JOAQUINA,F
ANTONELLA,F
HERNAN,M
MARINA,F
JENNIFER,F
JUAN,M
CLEMENTINA,F
CHRISTIAN,M
VANESSA,F
BRUNA,F
MARIA,F
MELISA,F
ANGELINA,F
DANESA,F
MARILYN,F
JHON,M
JULIETA,F
ORNELLA,F
FACUNDO,M
AGUSTINA,F
CARLOS,M
PATRICIA,F
LORELEY,F
SAMAHARA,F
EUGENIA,F
FLORENCIA,F
MYRIAM,F
JULIAN,M
DANIEL,M
MICAELA,F
GABRIEL,M
GABRIELA,F
SOL,F
ITATY,F
MARCO,M
GIOVANNA,F
DIEGO,M
MARIA,F
PACARINA,F
CECILIA,F
JOSSELYN,F
PAUL,M
KEVIN,M
LEONARDO,M
ORNELA,F
DANIEL,M
PAOLA,F
MIRIAN,F
CAMILO,M
LILIANA,F
MARIA,F
LILI,F
EVELYN,F
ANDREA,F
MARITZA,F
VIVIAN,F
LAURA,F
JUAN,M
NAHIR,F
GIULIANA,F
JUAN,M
DELFINA,F
EMILCE,F
GONZALO,M
JUAN,M
MARIANA,F
ROCIO,F
ORIANA,F
DOUGLAS,M
ITALO,M
MARIA,F
EDGAR,M
ANDREA,F
AGUSTINA,F
EVELYN,F
JHESVY,F
NAHUEL,M
MARIA,F
HUGO,M
JUDITH,F
MARIA,F
DAVID,M
SHIRLEY,F
ANDREA,F
MISHEL,M
BRENDA,F
JIMENA,F
MATIAS,M
PAOLA,F
IVAN,M
OSCAR,M
KAREN,F
JHENNY,F
AYDEE,F
VLADIMIR,M
MANUEL,M
MARIANO,M
JUAN,M
BRUNO,M
DIEGO,M
MANUEL,M
MARCOS,M
JUAN,M
JOAQUIN,M
FRANCO,M
JULIAN,M
LAUTARO,M
THIAGO,M
RODRIGO,M
MANUEL,M
ALEJO,M
AGUSTIN,M
MARCELO,M
JULIANA,F
VICTORIA,F
ALAN,M
MELISA,F
LUCA,M
VICTORIA,F
FACUNDO,M
MARCELO,M
LUIS,M
AGUSTIN,M
CAMILA,F
SANTIAGO,M
RAUL,M
KATIA,F
JUAN,M
TRINIDAD,F
MARIANO,M
GUSTAVO,M
JULIO,M
ALDANA,F
CONSTANZA,F
MARTIN,M
GERALDINE,F
KIMBERLY,F
ALDANA,F
MARIA,F
ALISON,F
JUAN,M
PABLO,M
FRANCISCO,M
RAMON,M
MARCO,M
KATERINE,F
JUAN,M
ORLANDO,M
DENISE,F
AYLEN,F
FACUNDO,M
CRISTIAN,M
IGNACIO,M
PAULA,F
MALENA,F
AINHARA,F
JERONIMO,M
CAMILA,F
STEEVEN,M
CATALINA,F
VALENTIN,M
FACUNDO,M
EFRAIN,M
LUCAS,M
BRASIL,M
LUCAS,M
SOFIA,F
AMPARO,F
MARIA,F
JULIAN,M
VALENTINA,F
NATALIA,F
FERNANDA,F
JONNATHAN,M
JESUS,M
TOMAS,M
LORI,F
MARIA,F
KLEVER,M
ANA,F
LUCAS,M
BALTAZAR,M
MANUEL,M
MARCOS,M
NICOLAS,M
FABIOLA,F
AYLEN,F
KEVIN,M
DAIANA,F
RODRIGO,M
JAASIEL,M
VALENTINA,F
ZAIR,M
LEONEL,M
MELINA,F
CAMILA,F
LAILA,F
IÑAKI,M
CAROLINA,F
LENNIN,M
MARCO,M
CAMILA,F
CESAR,M
MARTIN,M
SEBASTIAN,M
JUAN,M
SELENA,F
MATIAS,M
IVO,M
NANCY,F
ALEXIS,M
ALEX,M
GIAN,M
ANTONIO,M
ALVARO,M
ANA,F
JOHANA,F
MELINA,F
JUAN,M
DARIO,M
JOSE,M
DANIEL,M
ALEJANDRO,M
LAURA,F
JOSE,M
LUIS,M
SANDRA,F
JHOARDY,M
MIGUEL,M
LEYZER,M
SIMON,M
PETER,M
ANDREIA,F
JESUS,M
OSMAN,M
JORGE,M
ANDREA,F
BEN,M
MAGALI,F
GIOCONDA,F
RODNEY,M
HANS,M
CAMILA,F
GIOVANNY,M
PABLO,M
GENESSIS,F
BRYAN,M
GABRIEL,M
CRISTHIAN,M
JEISON,M
ALEXANDRE,M
DUVAN,M
LUIS,M
ANDREINA,F
SCARLETH,F
JOSE,M
MAXIMILIANO,M
CARLOS,M
JENNIFER,F
NAYELI,F
DANITHZA,F
DIEGO,M
CESAR,M
ABEL,M
MAX,M
KEVIN,M
ALLAN,M
JULIETA,F
JULIETA,F
MARIANO,M
ISRAEL,M
LUCAS,M
RODRIGO,M
VICTORIA,F
GUADALUPE,F
JULIA,F
NATALIA,F
SABINA,F
MILAGROS,F
VICTORIA,F
MICAELA,F
PEDRO,M
NOELIA,F
MORA,F
LUDMILA,F
NICOLAS,M
RICARDO,M
ROCIO,F
ANTONELLA,F
LUCIA,F
MARIA,F
ABRIL,F
EMANUEL,M
ANDREA,F
BRANDON,M
JUAN,M
MARIA,F
LUCIA,F
VALERIA,F
EDUARDO,M
GABRIEL,M
CAMILA,F
MARIA,F
SOFIA,F
CONSTANZA,F
CLARA,F
YAMILA,F
RONALD,M
JUAN,M
ROCIO,F
DAIANA,F
MARIA,F
RODRIGO,M
NICOLAS,M
MARIANA,F
CYNTHIA,F
CAROLINA,F
MARIANO,M
LIVINGSTON,M
LARISSA,F
SOL,F
ANDREA,F
MARIA,F
FRANCISCA,F
CAROLINA,F
CANDELA,F
AGUSTIN,M
ALEJANDRO,M
MARCELO,M
SILVINA,F
GABRIEL,M
ANA,F
DANIELA,F
NICOLAS,M
JENARO,M
ALEXIS,M
JUAN,M
MARIA,F
EVELYN,F
AGUSTINA,F
VICTORIA,F
LINA,F
JUAN,M
BRIAN,M
JESSICA,F
BRUNY,F
JUDITH,F
JOAQUIN,M
LUCIA,F
MELISA,F
DIEGO,M
KAREN,F
MARTINA,F
STUART,M
PILAR,F
JORGELINA,F
LILIANA,F
ANDREA,F
NICOLE,F
LAURA,F
JUAN,M
BELEN,F
GISELA,F
SANTIAGO,M
NATHALIA,F
VINICIUS,M
MARIA,F
XIOMARA,F
MICHELL,F
NICOLLE,F
VILMA,F
ESMERALDA,F
DAMARIS,F
ROBITZA,F
SHEYLA,F
BAUTISTA,M
MANUEL,M
DARKO,M
FRANCO,M
CAMILA,F
CANDELA,F
BRUNO,M
NICOLÁS,M
ZOE,F
GLORIA,F
MARIA,F
MARIA,F
ISABEL,F
VANINA,F
MAGDALENA,F
JUAN,M
FACUNDO,M
MILAGROS,F
SEBASTIAN,M
RONAN,M
MARTINA,F
JOAQUIN,M
MAITE,F
MARIANA,F
MERCEDES,F
CLARA,F
MARTINA,F
JOSE,M
VALENTINA,F
SANTIAGO,M
MANUELA,F
IGNACIO,M
MARIA,F
JUAN,M
MIA,F
FLORENCIA,F
VALENTINA,F
MARIA,F
CECILIA,F
LUCIA,F
PALOMA,F
SOFIA,F
IÑAKI,M
ROSARIO,F
CHIARA,F
MARIANO,M
MELISSA,F
FACUNDO,M
MARTINA,F
LUCAS,M
MANUELA,F
JULIETA,F
PILAR,F
JOAQUIN,M
MARIA,F
IAGO,M
PILAR,F
MARIA,F
SAMANTA,F
NICOLAS,M
MARIA,F
AGUSTIN,M
MATIAS,M
NATASHA,F
MARIA,F
MARIA,F
JULIANA,F
NARA,F
MILAGROS,F
SOFIA,F
MARIA,F
DOLORES,F
LUCIA,F
SILVIA,F
CLARA,F
YAMILA,F
PILAR,F
FRANCISCO,M
MIGUEL,M
NICOLE,F
SACHA,M
LUCIA,F
MARIA,F
MARTINA,F
MARIA,F
MARIA,F
ROCIO,F
VANESSA,F
CATALINA,F
MARIA,F
AILEN,F
MARIA,F
ELISA,F
SERENA,F
PAULA,F
MATIAS,M
LUCIANA,F
JUAN,M
MARTIN,M
YAEL,F
CATALINA,F
ANDRES,M
ROSARIO,F
GONZALO,M
GIULIANA,F
IVO,M
NICOLAS,M
LUCIANA,F
SOFIA,F
AGUSTINA,F
TOMAS,M
NICOLE,F
ABRIL,F
TOMAS,M
ISLENA,F
MARIA,F
ANNE,F
MATEO,M
MANUEL,M
ARIANA,F
JOAQUIN,M
PAULA,F
ALAIN,M
EMILIANO,M
CAMILA,F
AGUSTINA,F
LUCIANA,F
MELANIE,F
IGNACIO,M
MARIA,F
GUADALUPE,F
VICTORIA,F
ANDREA,F
AUGUSTO,M
JOAQUIN,M
MARIA,F
LUKA,M
LUCAS,M
MATIAS,M
FIAMMA,F
GERONIMO,M
MARIA,F
JULIANA,F
CATALINA,F
SABRINA,F
JULIO,M
ARLENE,F
AGUSTINA,F
MARIA,F
PABLO,M
AUGUSTO,M
MARIA,F
ANABEL,F
NICOLAS,M
KOREY,M
EVELYN,F
JUAN,M
JOAQUIN,M
FLORENCIA,F
VALERIA,F
GIULIANA,F
DAVID,M
MARIANE,F
ANTONELLA,F
MARTIN,M
NAHUEL,M
DAMIAN,M
JOAQUINA,F
SANTIAGO,M
TOMAS,M
MILAGROS,F
MARIA,F
SANTIAGO,M
MARIA,F
ANGELES,F
AGUSTINA,F
SILVIA,F
REBECA,F
EDSON,M
MARIELA,F
GABRIEL,M
MICAELA,F
FERNANDA,F
MARTINA,F
SOFIA,F
ROSANIA,F
MARIA,F
STEVEN,M
CAMILA,F
AGUSTINA,F
AGUSTIN,M
PEDRO,M
ANDREA,F
SAMANTAH,F
ARIADNA,F
MARIO,M
AYLEN,F
OMAR,M
FRANCIA,F
LADY,F
ROLANDO,M
MARIA,F
GLORIA,F
RAFAELA,F
LARA,F
MARIA,F
FELIPE,M
MIGUEL,M
PAULA,F
MARIA,F
MARIA,F
VANESA,F
VALENTIN,M
RINA,F
EDWARD,M
GIANNA,F
JUAN,M
ARY,M
ALEXA,F
LAURA,F
ANAHI,F
YESSENIA,F
STEVEN,M
EDWIN,M
JULIANA,F
MATIAS,M
ROMEL,M
MARIA,F
JENNIFER,F
GUILLERMO,M
DIEGO,M
MARIA,F
MELINA,F
ERNESKYS,M
ELIANA,F
CRISTINA,F
PAULA,F
CINTHYA,F
ROSANA,F
FLORENCIA,F
JOHELA,F
KATHERINE,F
FABIOLA,F
BYRON,M
DAVID,M
LESLIE,F
BRAYAN,M
NICOLAS,M
MAGDALENA,F
SILVIA,F
GLORIA,F
VANESSA,F
SOFIA,F
MAURICIO,M
VICENTE,M
GABRIELLA,F
NATALIA,F
AGUSTIN,M
EDEN,F
INGRID,F
LEANDRO,M
MARIA,F
TAMARA,F
LUCAS,M
JUAN,M
KARLA,F
SHAIRA,F
OCTAVIO,M
LIZETH,F
NELSON,M
ROBERTH,M
COSTANZA,F
ANGELA,F
ROBERTO,M
EVELYN,F
FEDERICA,F
LAZARO,M
LUIS,M
SEBASTIAN,M
PATRICIO,M
ADRIAN,M
KEVIN,M
CAROL,F
EDGAR,M
JONATHAN,M
MICHELLE,F
FACUNDO,M
ANABELLE,F
GERMAN,M
IVETH,F
ERIKA,F
LEONARDO,M
JUAN,M
EDWIN,M
LILIA,F
MARIA,F
MARIANO,M
PAULA,F
DEMIAN,M
JOSELYN,F
RODOLFO,M
GUSTAVO,M
MARISOL,F
ALEJANDRA,F
CRISTINA,F
MARIA,F
LAURA,F
CARLOS,M
DANIEL,M
ANA,F
JUAN,M
VALERIA,F
LADY,F
REYNA,F
CARLOS,M
DAVID,M
OSCAR,M
WILLIAM,M
JOSE,M
EDYNSON,M
ERNESTO,M
RODRIGO,M
MARIA,F
VALENTINA,F
MARIKENA,F
JUANA,F
KEILA,F
SOFIA,F
GONZALO,M
NAHUEL,M
MARTINA,F
ALDANA,F
LOURDES,F
MAIA,F
CESAR,M
JOSE,M
ERIKA,F
FIORELLA,F
IOLANDA,F
JOSELINA,F
MAILEN,F
ANTONELLA,F
AMNE,F
VICTORIA,F
FLORENCIA,F
CAMILA,F
MAYRA,F
BELEN,F
ROCIO,F
LUCIANO,M
ARIADNA,F
BRENDA,F
KATHERINE,F
JESICA,F
DANIELA,F
ANA,F
SIMONE,F
NICOLAS,M
ALISSON,F
ANGEL,M
RUTH,F
MARIA,F
KATTYA,F
IAGO,M
MARTIN,M
MICAELA,F
CAROLINA,F
MARILINA,F
ALFONSO,M
DELFINA,F
FEDERICO,M
TAMARA,F
CAMILA,F
BELEN,F
DANIEL,M
MILENA,F
BRENDA,F
MARIA,F
IGNACIO,M
FEDERICO,M
ANDRES,M
FRANCISCO,M
AGUSTIN,M
AGUSTINA,F
EXEQUIEL,M
MATIAS,M
FRANCISCO,M
RODRIGO,M
ALAN,M
JUANA,F
ABRIL,F
MARTIN,M
LORENZO,M
PABLO,M
MARIA,F
MATEO,M
ERICO,M
TOMAS,M
LUCIA,F
FRANCO,M
DIEGO,M
CAMILA,F
INES,F
SOFIA,F
TEO,M
ANGELES,F
MARINA,F
GUIDO,M
NICOLAS,M
JIMENA,F
IARA,F
ILKA,F
ABRIL,F
JOAQUIN,M
SANTINO,M
SABRINA,F
AGUSTINA,F
JUAN,M
EDISON,M
CARLOS,M
JULEIMA,F
LUIS,M
IVAN,M
JUAN,M
SOFIA,F
JUSTO,M
JOSE,M
FACUNDO,M
JUAN,M
CAMILA,F
MICAELA,F
FRANCO,M
AGUSTINA,F
LUCAS,M
CARLOS,M
JUAN,M
CAROLINA,F
FRANCISCO,M
ANDREA,F
JUAN,M
RAFAEL,M
TOMAS,M
SANTIAGO,M
REGINA,F
CRISTIAN,M
KELLY,F
EUGENIA,F
CAROLINA,F
RODRIGO,M
AIXA,F
RAFAEL,M
MAXIMILIANO,M
FABIAN,M
JOSE,M
MARIA,F
CAMILA,F
BRUNO,M
ARIAN,M
AGUSTIN,M
HECTOR,M
IVAN,M
FRANCESCA,F
EZEQUIEL,M
IGNACIO,M
URIEL,M
NABIL,M
LUCIA,F
FACUNDO,M
IGNACIO,M
OSCAR,M
JUSTO,M
GEORGINA,F
ROCIO,F
TOMAS,M
CAMILA,F
MELANY,F
FACUNDO,M
BRIAN,M
JOAQUIN,M
JUAN,M
SANTIAGO,M
AGUSTIN,M
GASTON,M
FEDERICO,M
JOSE,M
FACUNDO,M
IMANOL,M
MARIA,F
ANTONIO,M
CARLOS,M
MARTIN,M
PABLO,M
JOSEFINA,F
DAVID,M
MARTIN,M
YANIER,M
CECILIA,F
CANDELA,F
EZEQUIEL,M
ANDRES,M
MATIAS,M
RUTH,F
SANTIAGO,M
MICAELA,F
BRUNO,M
RICARDO,M
JULIAN,M
JOSÈ,M
PAMELA,F
BRIAN,M
JUAN,M
AGUSTIN,M
TOMAS,M
IGNACIO,M
ORNELLA,F
UZIEL,M
GONZALO,M
FRANCISCO,M
GABRIEL,M
FRANCISCO,M
ERICK,M
LUIZA,F
MARISOL,F
GUIDO,M
JUAN,M
GABRIEL,M
JOSE,M
SERGIO,M
ESTEFANIA,F
THOMAS,M
JUAN,M
LILIANA,F
JUAN,M
MARTIN,M
FRANCO,M
DIEGO,M
JORGE,M
STEVEN,M
LARA,F
MARIA,F
VICTORIA,F
MATIAS,M
RAISSA,F
MARIA,F
MICAELA,F
JUAN,M
JOSE,M
ANGEL,M
ALBERTO,M
KARINA,F
MARCOS,M
AGUSTÍN,M
NAHIR,F
GABRIEL,M
FRANCISCO,M
JUAN,M
FLORENCIA,F
NATALIA,F
MAGALI,F
RICARDO,M
NELLYTH,F
MAXIMILIANO,M
LUISINA,F
CARLOS,M
CONSTANZA,F
JAIME,M
BRYAN,M
ANDRES,M
ANDRES,M
LUIS,M
EDWIN,M
BRAYAN,M
KAREN,F
KAREN,F
LEYLA,F
MIRANDA,F
GUSTAVO,M
SANTIAGO,M
DIEGO,M
ADRIAN,M
CARLOS,M
FERNANDO,M
PRISCILA,F
MARIA,F
ALAN,M
LUCRECIA,F
JUAN,M
LUIS,M
BYRON,M
RYAN,M
FRANCO,M
LEANDRO,M
RUBEN,M
MARTIN,M
EDISON,M
CARLOS,M
WALTER,M
ANDRES,M
LAUTARO,M
BRUNO,M
FLORENCIA,F
JUAN,M
DANA,F
VINICIUS,M
RONNY,M
CESAR,M
MARINA,F
MARIA,F
NICOLAS,M
HERIBERTH,M
JESSICA,F
SANDRA,F
LUIS,M
RAUL,M
KEVIN,M
MATIAS,M
NICOLAS,M
DAMIAN,M
JAIR,M
VICTOR,M
TOBIAS,M
MANOLO,M
EUGENIA,F
VALENTINA,F
PEDRO,M
MARCELO,M
DANIELA,F
DAIANA,F
FANNY,F
EZEQUIEL,M
EMILIANO,M
JOHAN,M
BRUNO,M
DAVID,M
LEONEL,M
DANIELA,F
PAULINA,F
JOSE,M
CARLOS,M
AGUSTÍN,M
FREDDY,M
MATEO,M
BRYAN,M
GABRIEL,M
MISHELL,F
MARIO,M
ALLEXIA,F
DANIEL,M
DANIELA,F
JUAN,M
FABIAN,M
JOSE,M
ARIEL,M
DIEGO,M
ISBERT,M
GUSTAVO,M
MARIO,M
BRYAN,M
RODRIGO,M
BYRON,M
BEATRIZ,F
ANDRES,M
AGUSTINA,F
JESSICA,F
ANGIE,F
LAURA,F
ANDRES,M
JOSSELYN,F
FANNY,F
SANDRO,M
JOSE,M
MELINA,F
ARIANA,F
JOHAN,M
JAIRO,M
NATALI,F
MARLON,M
DANIEL,M
LUISA,F
INGRID,F
JOSE,M
YOEL,M
JUAN,M
KENY,M
JOSE,M
JOSE,M
MAGDALENA,F
DARIO,M
RICARDO,M
DANIELA,F
ANGEL,M
MARIA,F
CAMILO,M
ANDRES,M
PAOLA,F
MILTON,M
EDUAR,M
SOFIA,F
VICTOR,M
CRISTIAN,M
KEYDER,M
JHOSELINE,F
SINDY,F
JIPHSON,M
MANUEL,M
SYLVIA,F
JACQUELINE,F
SALOMON,M
DAVID,M
MARIA,F
JORGE,M
HOOVER,M
JUAN,M
DAVID,M
JOHANNA,F
JUAN,M
DIEGO,M
GABRIEL,M
MANUEL,M
KEVIN,M
BRYAN,M
MARTIN,M
ARTURO,M
CAMILA,F
JORGE,M
ALEXIS,M
GABRIELA,F
LUIS,M
JONATHAN,M
MARIO,M
ABNER,M
HANNE,F
WILMER,M
SANTIAGO,M
CRISTIAN,M
SEBASTIAN,M
CHRISTIAN,M
RICARDO,M
CESAR,M
OSCAR,M
LUIS,M
JORGE,M
ISMAEL,M
JESUS,M
JUAN,M
LUIS,M
JULIO,M
MICHAEL,M
EDWIN,M
JUAN,M
MIGUEL,M
CRISTIAN,M
VICTOR,M
MARIUXI,F
NICOLAS,M
SEBASTIAN,M
GENESIS,F
DAVID,M
SHIRLE,F
CHRISTOPHER,M
RENATO,M
ERICK,M
BRYAN,M
JOHANN,M
TAMIA,F
MIGUEL,M
JORGE,M
MAX,M
JEFFERSON,M
KARLA,F
JUAN,M
GUSTAVO,M
AMILCAR,M
KEVIN,M
TANIA,F
JAIRO,M
RALPH,M
LUIS,M
JOSE,M
DHERY,M
CARLOS,M
JEFFERSON,M
RONALD,M
PABLO,M
RICARDO,M
BRAYAN,M
LUIS,M
HECTOR,M
JOSE,M
WILLY,M
MOISES,M
RONAL,M
ISMAEL,M
CRISTIAN,M
HILLARY,F
ALEXIS,M
ANDRES,M
JUAN,M
EDSON,M
TUPAC,M
GLENDY,F
ANDRES,M
ALVARO,M
CESAR,M
CLIVER,M
MARCELO,M
DANILO,M
JESUS,M
CARLOS,M
LUIS,M
SANDRA,F
FAVIAN,M
DANIEL,M
CHRISTIAN,M
EDWIN,M
EDSON,M
MARIA,F
HAIR,M
DANIEL,M
RENE,M
OLGA,F
JOSE,M
DOMINGO,M
LUIS,M
HOWARD,M
JOSÉ,M
RAMIRO,M
MARTIN,M
JOSEFINA,F
BRUNO,M
IGNACIO,M
GEORGINA,F
JUAN,M
MARIA,F
LIZZETH,F
ANTONELLA,F
STEFANY,F
EMMANUEL,M
AGUSTINA,F
RONALD,M
ROCIO,F
MARIA,F
GLORIA,F
MARTINA,F
RONA,F
MARIA,F
JIMENA,F
SOFIA,F
JUAN,M
CATERINA,F
MARIA,F
MAURA,F
ALDANA,F
EZEQUIEL,M
SOFIA,F
JULIAN,M
MARIA,F
FABRICIO,M
ALDANA,F
LEONARDO,M
JULIA,F
MARIA,F
MARIA,F
SUELLEN,F
FRANCISCO,M
HILEN,F
JUAN,M
GEMA,F
MARIA,F
LUCIA,F
MARIA,F
GERALDIN,F
VALENTINA,F
DANIELA,F
YULIANA,F
MARIA,F
CAROLINA,F
CAMILA,F
SOFIA,F
VALENTINA,F
DAIANA,F
RODRIGO,M
MICAELA,F
MARIANELA,F
CRISTINA,F
ZULEIMA,F
MELANIE,F
JUAN,M
LUISINA,F
MARTINA,F
CARDOZO,M
MARIA,F
AGUSTINA,F
RENATA,F
EMMANUEL,M
DELFINA,F
TAMARA,F
CARLOS,M
GERONIMO,M
LUISINA,F
FLORENCIA,F
LUCIA,F
LUCIA,F
MARIA,F
MACARENA,F
ISABELA,F
KATERINA,F
MARINO,M
ESTEPHANY,F
MARIA,F
PAULA,F
VALENTINA,F
DANILO,M
MARIA,F
ALEXANDER,M
MELANIE,F
SOFIA,F
MARIA,F
PAULO,M
URSULA,F
VALENTINA,F
EDUARDO,M
FRANCO,M
GISSELA,F
DENNIS,M
SOFIA,F
DANIELA,F
MARIA,F
MILAGROS,F
EDUARDO,M
SANDRA,F
JOSEPH,M
PAMELA,F
MICAELA,F
LUCIA,F
CAROLINA,F
FELIPE,M
MARIA,F
SONIA,F
LAURA,F
ELENA,F
GIOVANNA,F
MELINA,F
KATHERINE,F
TAMARA,F
GRACIELA,F
MAIRA,F
CARLOS,M
NICOLE,F
MANUEL,M
BETSABE,F
CAROLINA,F
KEVIN,M
LUCAS,M
MARÍA,F
ANDRES,M
MARIA,F
BLANCA,F
ERIKA,F
KIMBERLY,F
MATILDA,F
MELANIE,F
LESLIE,F
NOELIA,F
MARIA,F
EDUAR,M
DIEGO,M
ADRIAN,M
ANNETTE,F
MILDRED,F
ANTONELLA,F
MARIA,F
MARIA,F
GIANNINA,F
NESTOR,M
HEILIN,F
AXEEL,M
CHRISTIAN,M
ANGELES,F
NATHALIE,F
KRISTELL,F
KAROL,M
MARIA,F
PABLO,M
SHIRLEY,F
MARIA,F
JOAN,M
DANIEL,M
BRYAM,M
FRANCIS,M
GASTON,M
ELIANA,F
KATHERIN,F
NAHIR,F
LAURA,F
VANESA,F
JULIANA,F
LUIS,M
DANA,F
JUAN,M
MARILIA,F
ANDREA,F
FERNANDO,M
KAREN,F
ARNOLD,M
DIANA,F
MATIAS,M
TANNIA,F
ALEXANDRA,F
ALBERTO,M
DENEY,M
NAZARENO,M
ANA,F
SABKA,F
JOSE,M
BORIS,M
ANA,F
JULISSA,F
SOFIA,F
MARIA,F
KRISTELL,F
AMAMBAY,F
AURA,F
JENNIFER,F
MARIA,F
DIEGO,M
GABRIELA,F
MICAELA,F
MARIA,F
MAYCKOL,M
MARILYN,F
CRISTIAN,M
ROGER,M
ALEX,M
DANIELA,F
KATHERINE,F
MARIA,F
VALERIA,F
CHRISTIAN,M
WENDY,F
ANA,F
ANDRY,M
FRANCISCO,M
DAYANA,F
MARIA,F
PRISCILA,F
ALVARO,M
DANIELA,F
LENIN,M
EVELYN,F
FRANCISCO,M
MAYRA,F
JOSELYN,F
WALTER,M
SANDDY,F
KEVIN,M
EDDY,M
CAROLINA,F
KARLOS,M
IVANNA,F
IBETH,F
PABLO,M
CARMEN,F
ALLISON,F
HANNALOREN,F
ENGLESTH,F
YOSSAINA,F
ANGELA,F
DANNA,F
ANA,F
ANA,F
JHOSELYN,F
KIARA,F
BRUNO,M
CAMILA,F
FRANKLIN,M
DAMIAN,M
GENESIS,F
CARLOS,M
CHRISTIAN,M
CARMEN,F
JONATHAN,M
ANTONIO,M
ANGELICA,F
CAROLINA,F
HELEN,F
LUIS,M
LUZ,F
DAYANA,F
DARIO,M
PAOLA,F
NATALIA,F
KATIA,F
NATALIA,F
NOELIA,F
JULIETA,F
DELFINA,F
XAVIER,M
LUDMILA,F
MARIA,F
FELICITAS,F
FRANCISCO,M
SANTIAGO,M
MARILYN,F
MARIA,F
MARIA,F
YAZMIN,F
CAMILA,F
CATALINA,F
CAMILA,F
MARIA,F
ROCIO,F
PAULA,F
MAIA,F
AGUSTINA,F
PAULA,F
EMILIA,F
DAFNE,F
PAULA,F
JOSE,M
TRINIDAD,F
NATALI,F
DENISSE,F
SABRINA,F
ROCIO,F
EMILIA,F
VICTORIA,F
MALENA,F
SOFIA,F
GASPAR,M
SARA,F
MARTINA,F
LUCIA,F
CAMILA,F
EMILY,F
MARIA,F
MALENA,F
DANIELA,F
MARIA,F
AGUSTINA,F
AGUSTINA,F
TOMAS,M
CLARA,F
CAROLINA,F
INES,F
ORIANA,F
NATALIA,F
MARIA,F
JUAN,M
CHIARA,F
CHLOE,F
SOFIA,F
LUCIA,F
CAMILA,F
GINO,M
JUAN,M
MARIA,F
MARTINA,F
PAOLA,F
CAMILA,F
CANDELA,F
JONATHAN,M
CANDELA,F
SELVA,F
ANALUZ,F
PILAR,F
MARIA,F
WENDY,F
MARIA,F
MARIANA,F
MARIA,F
MARTINA,F
JULIETA,F
LUCIA,F
CLEMENTINA,F
CANDELA,F
NICOLE,F
MARIA,F
AGUSTINA,F
AYELEN,F
MANUELA,F
CAMILA,F
CAMILA,F
AGUSTINA,F
MELANIE,F
BIANCA,F
AZUL,F
LUANA,F
MARIANELA,F
VERONICA,F
ANNA,F
MAITENA,F
CATERINA,F
NATALIA,F
AGUSTIN,M
JOSEFINA,F
NICOLAS,M
CAMILLA,F
MARIA,F
BRENDA,F
MACARENA,F
MARIA,F
CECILIA,F
ILEANA,F
MARTINA,F
FLOR,F
SOFIA,F
MARTINA,F
MARINA,F
EVELYN,F
LARA,F
CAMILA,F
BELEN,F
EUGENIA,F
SHARON,F
IVAN,M
MERCEDES,F
ROCIO,F
PABLO,M
MARIA,F
KAREN,F
LUNA,F
ANDREA,F
JUAN,M
TAMARA,F
MALENA,F
ELENA,F
ANDREA,F
BELEN,F
CAROLINA,F
CARLOS,M
TATIANA,F
MARIA,F
CATALINA,F
SOL,F
FLORENCIA,F
YANINA,F
LAURY,F
AGUSTINA,F
JULIETA,F
BLANCA,F
CAMILA,F
AGUSTINA,F
NOHORA,F
GRETA,F
VALENTINA,F
JAMEL,M
FACUNDO,M
LUCIA,F
JOSEFINA,F
CANDELA,F
LARA,F
CAMILA,F
CATALINA,F
CAMILA,F
GREGORIO,M
INES,F
VALENTINA,F
MARIA,F
CATALINA,F
CAMILA,F
CANDELA,F
JOSEFINA,F
ROCIO,F
JANICE,F
TRINIDAD,F
VALENTINA,F
YANET,F
FLORENCIA,F
LISA,F
CAMILA,F
MARIA,F
BRIGITTE,F
MARIA,F
AGUSTINA,F
MARIA,F
MARIA,F
CINTIA,F
FELICITAS,F
XIMENA,F
AGUSTINA,F
SILVANI,F
AGUSTINA,F
CANDELA,F
AGOSTINA,F
CAMILA,F
MARIA,F
MERCEDES,F
MELINA,F
JUAN,M
KAREN,F
LUCIA,F
SOFIA,F
JOAQUIN,M
AGUSTINA,F
PAULINA,F
MARIA,F
NICOLAS,M
MARTINA,F
MICAELA,F
JOSEFINA,F
PILAR,F
QUIMEY,F
MARIA,F
MICAELA,F
CAMILA,F
THAMARA,F
MARIA,F
JULIETA,F
MARIA,F
ADRIANA,F
ESTEFANIA,F
JUAN,M
SOFIA,F
LUIS,M
MARIA,F
GUADALUPE,F
MARIA,F
SOFIA,F
GISELA,F
LUCIA,F
CRISTIAN,M
MARIA,F
MARA,F
CAROLINA,F
VALERIA,F
ANDREA,F
LUIZA,F
MARIANA,F
LUCIA,F
AGUSTINA,F
ARIADNA,F
FIORELLA,F
ANGELA,F
VALENTINA,F
ANDREA,F
CAMILA,F
ANTONELLA,F
MARIA,F
MARIE,F
YURI,M
KAREN,F
LUCIANA,F
MARCELA,F
MARIA,F
MACARENA,F
ANABELLA,F
FEDERICO,M
MARIA,F
GINA,F
LAUREANO,M
LISETH,F
MARIA,F
FLORENCIA,F
LAURA,F
SABRINA,F
MARIA,F
CANDELA,F
ALDANA,F
PEHUEN,M
ANDREA,F
CAMILA,F
MICHAEL,M
MILAGROS,F
DELFINA,F
CAMILA,F
STEFANIA,F
CECILIA,F
EUGENIA,F
PAULA,F
PEDRO,M
FLORENCIA,F
DANIELA,F
YAMILA,F
JOSELINA,F
JESIREE,F
SABRINA,F
GERALDINE,F
MICAELA,F
EMILY,F
BELEN,F
SOFIA,F
MARIA,F
JESSICA,F
HARLINTON,M
PAMELA,F
DAIANA,F
MARIA,F
CAROLINA,F
SOFIA,F
JENNIFER,F
LORENA,F
MILLA,F
JULIETA,F
GUADALUPE,F
DIEGO,M
KAREN,F
JULIETA,F
PEDRO,M
CONSTANZA,F
ELENA,F
DEBORAH,F
MARIA,F
NELA,F
LEIDY,F
PABLO,M
LORENA,F
RUTH,F
ANDREA,F
PATRICIA,F
LUCIA,F
MILAGROS,F
FLORENCIA,F
MARIA,F
ALEJANDRA,F
CHIARA,F
DANNA,F
ISABELLA,F
MICAELA,F
SOFIA,F
JONATHAN,M
ANDRES,M
JOCELYN,F
CORAIMA,F
MARIA,F
CARLOS,M
DANIELA,F
ESTEFANIA,F
DALMA,F
FLORENCIA,F
SARA,F
LAURA,F
DOMENICA,F
MARTINA,F
PAOLA,F
ARIANNA,F
LUDMILA,F
ARACELI,F
MARIA,F
ANNICK,F
MAGALI,F
PEDRO,M
MARIA,F
SOFIA,F
MACARENA,F
DIANA,F
MATIAS,M
GISSELA,F
MARIA,F
MARIA,F
ANGELA,F
DANIELA,F
DANIEL,M
TOMAS,M
TAIZ,M
MARIA,F
MARIA,F
ANDREA,F
ANDREA,F
MONICK,F
JESSICA,F
KLEVER,M
GABRIELA,F
DIANA,F
ANA,F
ROCIO,F
PAMELA,F
SABRINA,F
KLEVER,M
MARIA,F
CARLOS,M
MARIA,F
MARIA,F
GIMENA,F
DANIELA,F
VLADIMIR,M
ISABELLA,F
FARLEY,M
DAMARIS,F
KARLA,F
JORGE,M
NATALIA,F
LEIDY,F
JESSICA,F
LESLIE,F
CARMEN,F
MARIANA,F
MICHELLE,F
ESTHER,F
LAURA,F
KAREN,F
JOSEPH,M
ANDREA,F
JHOSELIN,F
JORDY,M
KATHERIN,F
SHIRLEY,F
GEANYNA,F
MARIA,F
EMILIO,M
MARIA,F
ARLETTE,F
ERIKA,F
STEFANY,F
ROMINA,F
ERIKA,F
PEDRO,M
GLORIA,F
GINNA,F
JENNIFER,F
ANGELITA,F
MARCELY,F
JULIETH,F
MAIDA,F
GENNY,F
LUISANA,F
JACQUELINE,F
ALDANA,F
GEMA,F
KLEVER,M
ANA,F
SEBASTIAN,M
MILAGROS,F
JOSELYN,F
BARBARA,F
AYDE,F
ADER,M
MARIANA,F
FABIAN,M
OLGA,F
LORENA,F
JUANA,F
ERICKA,F
LUISA,F
JESSICA,F
LEGI,F
ABIGAIL,F
RUBY,F
MARIA,F
LINA,F
SOL,F
LUIS,M
SILVIA,F
MARCOS,M
LIDIA,F
FERNANDA,F
JOSCELYNE,F
NYDIA,F
ANA,F
MARIANGIE,F
DAYSI,F
DIANA,F
DIANA,F
IGOR,M
ELIZABETH,F
CLAUDIA,F
JORGE,M
CLAUDIA,F
GABRIEL,M
JHANETH,F
GERZON,M
FABIO,M
FLORENCIA,F
FLORENCIA,F
JULIETA,F
MARIA,F
VICTORIA,F
RENATA,F
SOFIA,F
RAMIRO,M
CAMILA,F
MARIA,F
NICOLE,F
MARIA,F
MATIAS,M
CAMILA,F
VALERIA,F
MONICA,F
TOMAS,M
GABRIEL,M
JOSEFINA,F
CAMILA,F
PATRICIO,M
FRANCO,M
DAIANA,F
PABLO,M
MICAELA,F
MELINA,F
MATIAS,M
MARIA,F
MATIAS,M
MACARENA,F
MERCEDES,F
LUCERO,F
FLORENCIA,F
ROCIO,F
CAMILA,F
MARIA,F
CAMILA,F
VICTORIA,F
JOSE,M
SANTIAGO,M
DAVIDE,M
TRINIDAD,F
GUSTAVO,M
LAUTARO,M
ABRIL,F
SOFIA,F
DENISE,F
IGNACIO,M
AGUSTINA,F
MAGALI,F
MELANIE,F
PABLO,M
AGUSTINA,F
MARÍA,F
CANDELA,F
GEOVANA,F
BRUNO,M
IVAN,M
MANUELA,F
JOAQUIN,M
MAGALI,F
DOMINIQUE,F
MARIA,F
LINA,F
MARIA,F
DIANA,F
LEILA,F
JUANA,F
NATALIA,F
AGUSTINA,F
CANDELA,F
MARIA,F
ERIKA,F
SOFIA,F
MARIA,F
VALENTINA,F
ABRIL,F
SOFIA,F
PAULA,F
JUAN,M
AGOSTINA,F
SABINA,F
MICAELA,F
LUCIANA,F
ANTONIO,M
EDUARDO,M
NATALIA,F
JUAN,M
NATALIA,F
AGUSTINA,F
IGNACIO,M
MONICA,F
MICAELA,F
JUANA,F
MARIA,F
MARIA,F
VIOLETA,F
VERONICA,F
SANTIAGO,M
IVAN,M
MILENA,F
ANA,F
MARIA,F
LEANDRO,M
MACARENA,F
WENDY,F
LUCIA,F
LARA,F
MARTINA,F
LENA,F
VALENTINA,F
AGUSTIN,M
MARIA,F
LUCIA,F
VICTORIA,F
LORENZO,M
LAURA,F
LORENA,F
FRANK,M
CAROLA,F
VICTORIA,F
CAMILA,F
VALENTINA,F
LAUREANO,M
AGOSTINA,F
VANESSA,F
LUZMILA,F
SEBASTIAN,M
AIXA,F
JOHANNA,F
CLAUDIA,F
MELANY,F
NAIR,F
LUJAN,F
ABRIL,F
SOL,F
KEILA,F
BRYAN,M
CAMILA,F
JUAN,M
MARTIN,M
ANA,F
JUAN,M
JOSSELYN,F
CAMILA,F
BRANCO,M
LARA,F
SHADDAY,F
MARIA,F
IVAN,M
MILAGROS,F
MERCEDES,F
MATIAS,M
SOFIA,F
EMANUELLE,F
LUCIA,F
ABRIL,F
MARIA,F
AGUSTIN,M
MELISSA,F
MARIA,F
VIRGINIA,F
ADRIANA,F
SARA,F
JUAN,M
VICTORIA,F
CARLOS,M
GIULIANA,F
MANUELA,F
MARIA,F
NICOLAS,M
CRISTHIAN,M
LUCAS,M
CESAR,M
MARIA,F
DENISE,F
JOEL,M
JUAN,M
PAMELA,F
MARIELA,F
JOSE,M
PAULA,F
SANDRA,F
MANUEL,M
AGUSTÌN,M
CATALINA,F
MARIA,F
KELLY,F
DAIANA,F
MARIA,F
CAMILA,F
FLORENCIA,F
GENESIS,F
LOURDES,F
MARTINA,F
JULIETA,F
CAROLINE,F
FREDER,M
YAZMIN,F
DIANA,F
IVANNA,F
FERNANDO,M
SARA,F
MIQUEAS,F
DANIELA,F
ARLETE,F
ERICKA,F
PEDRO,M
OSCAR,M
MARIA,F
JANINE,F
JOAQUIN,M
MARIA,F
YANET,F
NARELA,F
JHENNY,F
MARIA,F
MONICA,F
CAMILA,F
SILVINA,F
ANAHI,F
MARIA,F
FRANCY,F
MARIA,F
PEDRO,M
MARIANELA,F
LUCIANO,M
MARIA,F
JUAN,M
CARLOS,M
ANA,F
SOFIA,F
CECILIA,F
DANIELA,F
DIANA,F
TOMAS,M
CARLOS,M
ALEJANDRO,M
ALEJANDRINA,F
KARLA,F
AMIRA,F
JUAN,M
YULIANA,F
GELDA,F
JUANA,F
DIANA,F
FLORENCIA,F
NATHAMY,F
RUTH,F
CRISTHIAN,M
LEYDY,F
MARIA,F
KATHERINE,F
FEDERICO,M
ANGEL,M
ANDRES,M
ALBERTO,M
KENNIA,F
YURIS,M
ROGEAN,M
LORENA,F
HIOSELINE,F
JUANA,F
SIRLES,F
LUIS,M
PAMELA,F
ISAIAS,M
FELIPE,M
JORGE,M
DAYANA,F
GABRIELA,F
JHOSSELIN,F
MARIA,F
DORIS,F
JUSTINA,F
MICAELA,F
NATALIA,F
VICTORIA,F
AZUL,F
MARIA,F
JHOSELYN,F
CRISTIAN,M
KARLA,F
MILAGROS,F
NATACIA,F
DEREK,M
FACUNDO,M
JUANA,F
JUAN,M
CLAUDIA,F
JEREMIAS,M
MACARENA,F
MACARENA,F
FRANCO,M
BRENDA,F
FACUNDO,M
LUCIA,F
VERONICA,F
MACARENA,F
MARIA,F
CHRISTIAN,M
MARCOS,M
ERIKA,F
ABIGAIL,F
DANIELA,F
MICAELA,F
JUAN,M
SOFIA,F
NAHUEL,M
FRANCO,M
ABIGAIL,F
NATALIA,F
EMILCE,F
EMILIANO,M
MARIA,F
VINICIUS,M
KAREN,F
RAUL,M
GERALDIN,F
SEBASTIAN,M
ANA,F
MARIA,F
CELESTE,F
LAURA,F
KATHERINE,F
MAIRA,F
FLORENCIA,F
MELISSA,F
MARIA,F
MARIANA,F
LEOPOLDO,M
DIEGO,M
MARISA,F
DIANA,F
MARIA,F
ALEJANDRO,M
FRANCO,M
YOSMARY,F
LUIS,M
JORGELINA,F
ANTONELLA,F
OLMEDO,M
LUIS,M
RUBEN,M
JUAN,M
GINA,F
ALEJANDRO,M
ERIKA,F
LEANDRO,M
ANDRES,M
FRANK,M
ANAHY,F
VERONICA,F
JOSE,M
PEDRO,M
VICTOR,M
ANDRES,M
FLAVIA,F
ROMARIO,M
JOSE,M
HELY,F
ANAHI,F
FABIOLA,F
EFRAIN,M
LAURA,F
CATHERIN,F
CRISTHIAN,M
TRIFONIA,F
CLARA,F
CARLA,F
LUCIA,F
MARIA,F
MARIA,F
MARTINA,F
FLORENCIA,F
AGUSTINA,F
SOFIA,F
CAROLINA,F
SOFIA,F
AGUSTINA,F
MARIA,F
CATALINA,F
ANGIE,F
CANDELA,F
MARTINA,F
FELICITAS,F
JULIA,F
KAREN,F
JOSEFINA,F
NATASHA,F
MARIA,F
CAMILA,F
CARINA,F
MARIA,F
EUGENIA,F
LOURDES,F
FLORENCIA,F
MELINA,F
FLORENCIA,F
JOSEFINA,F
NICOLAS,M
JONATHAN,M
CLARA,F
AMIRA,F
MICAELA,F
VALENTIN,M
LAURA,F
LUCIA,F
LUNA,F
LUCIA,F
ROCIO,F
JUANA,F
CANDELA,F
SANTIAGO,M
CAMILA,F
ABRIL,F
AGUSTINA,F
MARTINA,F
SOL,F
AGUSTIN,M
SOFIA,F
CARLA,F
EMILIA,F
MELANY,F
PAULA,F
LUZ,F
CAMILA,F
MERCEDES,F
AIEN,F
PEDRO,M
MAILEN,F
MARIA,F
ANTONELLA,F
DELFINA,F
FLORENCIA,F
MILAGROS,F
LUCIA,F
MARTINA,F
VALENTINA,F
ANDREA,F
GABRIELA,F
MARIA,F
DELFINA,F
MACARENA,F
GRECIA,F
OLIVIA,F
MARIA,F
MICAELA,F
BERNARDITA,F
MARIA,F
SOFIA,F
FABRIZIO,M
ENZO,M
MARIA,F
MARIANA,F
MARTINA,F
MICHELLE,F
RENZO,M
EMILIA,F
MARIA,F
MICAELA,F
ROCIO,F
LARA,F
LUCIANA,F
MARIA,F
SOFIA,F
ESTEFANIA,F
YANELEN,F
AGUSTINA,F
MARLENE,F
SOL,F
CELINA,F
MANUELA,F
ANTONELLA,F
FLORENCIA,F
BELEN,F
MARIA,F
NICOLAS,M
FLORENCIA,F
MICAELA,F
FLORENCIA,F
MARINA,F
EMILIA,F
MARTINA,F
CAMILA,F
MARIA,F
MARIA,F
MILAGROS,F
ANA,F
MARIA,F
CAMILA,F
AILIN,F
MELINA,F
NUR,F
JUANA,F
AGOSTINA,F
GEORGINA,F
ANA,F
SOFIA,F
MICAELA,F
CATALINA,F
MARINA,F
JACQUELINE,F
FLORENCIA,F
AGUSTINA,F
LUCIA,F
STEFANIA,F
SOFIA,F
VICTORIA,F
SOFIA,F
MARIA,F
CANDELA,F
PABLO,M
MARIA,F
JUANA,F
GONZALO,M
MARIA,F
MARIA,F
CAROLINA,F
ELISA,F
CATALINA,F
ORIANA,F
LUCIA,F
DAIRA,F
GIULIA,F
MERCEDES,F
MARIA,F
ALBERTO,M
DELFINA,F
DELFINA,F
MICAELA,F
CANDELA,F
PRISCILA,F
ROMINA,F
FLORENCIA,F
YUSTINE,F
GUADALUPE,F
CANDELA,F
SOFIA,F
AGUSTINA,F
MAITENA,F
CAMILA,F
LUCIA,F
MARIA,F
MELISSA,F
MARIA,F
MARIA,F
IARA,F
PAULA,F
MICAELA,F
ANA,F
MARIA,F
SOFIA,F
SANTIAGO,M
JULIETA,F
MAILIN,F
VALENTINA,F
AGUSTINA,F
MAURICIO,M
LUCIANA,F
LORENA,F
MELANIE,F
AGUSTINA,F
INTI,F
ARIANA,F
MILENA,F
SANDRA,F
LUISINA,F
CAMILA,F
VALENTINA,F
CHARLOTTE,F
MARIA,F
MICAELA,F
GRETA,F
JULIETA,F
ORNELLA,F
MARIA,F
MARIA,F
FRANCO,M
AGUSTINA,F
GIULIANA,F
GIANNINA,F
ANA,F
MARIA,F
CIELO,F
SOFIA,F
MARIA,F
PABLO,M
CATALINA,F
MARIA,F
YUSSETHY,F
VICTORIA,F
SOFIA,F
JOSSELYN,F
MILAGROS,F
MORA,F
MARIA,F
MARTINA,F
MARIA,F
MARIA,F
NAZARENA,F
FLORENCIA,F
VICTORIA,F
MARIA,F
WANDA,F
MARIA,F
MELANY,F
BARBARA,F
FLORENCIA,F
BAUTISTA,M
ROSSELLA,F
VALENTINA,F
JOSEFINA,F
FRANCISCO,M
LUISINA,F
NOELIA,F
MARIA,F
SOFIA,F
MARIA,F
LAURA,F
FLORENCIA,F
MAIA,F
ARACELI,F
SOFIA,F
MARTHA,F
JOSEFINA,F
CAMILA,F
VALERIA,F
BETTINA,F
MARIA,F
CAMILA,F
STEFANIA,F
SELENE,F
MARIANA,F
CATALINA,F
AGUSTINA,F
GABRIELA,F
ARACELI,F
JULIETA,F
GEORGIA,F
MARIA,F
LUIS,M
MILAGROS,F
MARIA,F
FLAVIA,F
LUCIA,F
FERNANDA,F
CONSTANZA,F
MARIA,F
MALENA,F
MELISSA,F
ROCIO,F
MATIAS,M
STEFANIA,F
BRENDA,F
ROMINA,F
ROCIO,F
MARITZA,F
AILIN,F
DELFINA,F
MATIAS,M
DOMENICA,F
NAOMY,F
LARA,F
ANA,F
JUANA,F
PILAR,F
MANUELA,F
LAURA,F
CINDY,F
ANA,F
ROMMY,F
FLORENCIA,F
JENNIFER,F
MICAELA,F
AGUSTINA,F
PALOMA,F
CATALINA,F
MARIA,F
LUCIA,F
LARA,F
PAOLA,F
LUCIA,F
ELIANY,F
MARIA,F
VIRGINIA,F
FRANCO,M
DAIANA,F
JOSEFINA,F
BRUNA,F
AGUSTINA,F
MARIA,F
ANTONELLA,F
LORENA,F
ABIGAIL,F
TOMAS,M
NICOLI,F
SUSANA,F
MARIA,F
AGOSTINA,F
YAMILA,F
CARLA,F
CAMILA,F
DANIELA,F
JESICA,F
FLORENCIA,F
LUZ,F
KARINE,F
MARIA,F
MORA,F
MELINA,F
SOFIA,F
MARTINA,F
ALEJANDRA,F
GUADALUPE,F
LUCAS,M
CELINDA,F
MIGUEL,M
ALEJANDRA,F
MARIA,F
KEYLLA,F
VALENTINA,F
VALENTINA,F
MICAELA,F
BRAIAN,M
RAQUEL,F
MARTINA,F
DUANNE,M
FLORENCIA,F
MARIA,F
MACARENA,F
LUISA,F
MARILIA,F
SOFIA,F
ANGIE,F
GISSELA,F
LILIAN,F
KAREN,F
JESSICA,F
LISBETH,F
FATIMA,F
SOFIA,F
BORIS,M
JESSICA,F
BRENDA,F
MARIA,F
JAZMIN,F
MARIANA,F
MELINA,F
NAZARENA,F
VALERIA,F
MICAELA,F
MARIA,F
CATALINA,F
CAMILA,F
MARIA,F
PAULA,F
ANDREA,F
DANIELA,F
MILDRED,F
PAULINA,F
YACKELINE,F
TATIANA,F
RONIT,F
IGNACIO,M
LEANDRO,M
ANDREA,F
PATRICIA,F
ANDREA,F
CINTHIA,F
PAULA,F
EMILY,F
SABINA,F
SOFIA,F
NICOLE,F
KIMBERLY,F
GABRIELA,F
MICHELLE,F
GUIDO,M
DANIA,F
ANDERSSON,M
LINDA,F
CATHERIN,F
WLADIMIR,M
ARMIDA,F
ENGLESDY,F
HANLLY,F
KRUPZKAYA,F
ERIKA,F
KALYNE,F
ALEJANDRA,F
FLORENCIA,F
ESTEFANIA,F
ANDREA,F
NATALIA,F
GISELLA,F
SELENA,F
KARLA,F
HECTOR,M
MARTHA,F
DIANA,F
ILSEN,F
FABIO,M
LUISA,F
CINTHYA,F
JOEL,M
GERMAN,M
LINA,F
NELITA,F
GABRIEL,M
ZULEIRA,F
DANIEL,M
MANUEL,M
BETTY,F
AYELEN,F
CINDY,F
KAREN,F
MARCELA,F
JULISSA,F
INDIRA,F
ROSALINDA,F
RUTH,F
YESI,F
HILDA,F
MAURICIO,M
GEMA,F
EMELY,F
ZABDIELA,F
MARIA,F
ELIAS,M
CAROL,F
ORLANDO,M
CAROLINA,F
JULIANA,F
RONALD,M
VIVIANA,F
MERY,F
KAREN,F
MIRTHA,F
XAVIER,M
YULIZETH,F
JANNETTE,F
JUNNIOR,M
ANGELICA,F
CARINA,F
MERCEDES,F
BRENDA,F
AGUSTIN,M
SOFIA,F
MICAELA,F
MELINA,F
CINDY,F
CANDELA,F
ALEJO,M
RAMIRO,M
CAMILA,F
FELIPE,M
AUGUSTO,M
JUAN,M
EMANUEL,M
BRIAN,M
MARTINA,F
JUAN,M
ADRIAN,M
VALENTINA,F
MILAGROS,F
CLARA,F
MARIA,F
MARIA,F
DANIELA,F
TOMAS,M
IAN,M
ANFRED,M
FABIAN,M
FLORENCIA,F
JUAN,M
MELISA,F
JUAN,M
NICOLÁS,M
ROCIO,F
DENISSE,F
MANUEL,M
CARLOS,M
MATIAS,M
SAYRO,M
JULIETA,F
AGUSTIN,M
BIANCA,F
MARIA,F
MARIA,F
JOSEFINA,F
PAMELA,F
ORIANA,F
HENRY,M
IGNACIO,M
TAMARA,F
MARIA,F
GENARO,M
AGUSTINA,F
JUAN,M
FLORENCIA,F
JUAN,M
MATEO,M
MARCO,M
JULIETA,F
JUANA,F
ANDRES,M
ARGENIS,M
TOMAS,M
ROMINA,F
ANTONELLA,F
SEBASTIAN,M
BIANCA,F
JAVIER,M
BRENDA,F
WILMER,M
AGUSTINA,F
JULIO,M
NATALIA,F
NADYA,F
NICK,M
CESAR,M
MARTINA,F
FLORENCIA,F
DELFINA,F
NICOLAS,M
CRISTIAN,M
DANIELA,F
EDITSON,M
INAY,F
FRANCO,M
NADIA,F
MELINA,F
ROBINSON,M
ABRIL,F
NAHUEL,M
PATRICIO,M
ROCIO,F
ALBERTO,M
KATHERINE,F
KEVIN,M
BRYAN,M
JHONATAN,M
CARLOS,M
ELSA,F
VITOR,M
MARIA,F
PAULA,F
NATALIA,F
MONICA,F
ANDRES,M
LUISA,F
MIGUEL,M
CESAR,M
DANIEL,M
LEONARDO,M
GREIS,F
ALVARO,M
JOSE,M
JUAN,M
YRBLAN,M
MARIANO,M
ANGEL,M
ZULEIMA,F
DIANA,F
JHORNAN,M
JESSICA,F
ELEAZAR,M
JUAN,M
ARNOLD,M
DAYANA,F
JUAN,M
SAMANTHA,F
MARIO,M
FIORELLA,F
KARLA,F
WINSTON,M
KEVIN,M
CESAR,M
FERNANDO,M
MARIA,F
DANIEL,M
RONY,M
BRUNO,M
JORGE,M
SUGEY,F
ARMANDO,M
VANIA,F
JUAN,M
CARLOS,M
VICTOR,M
LUIS,M
YARISON,M
ITUKA,F
ANDRES,M
ESNEIDER,M
SABRINA,F
EDWIN,M
